Player,Role,Team,Year,Player Origin,Amt,Amt_inf
Abhishek Nayar,All-Rounder,Pune Warriors India,2013,Indian,5.0625,7.7478
Ajantha Mendis,Bowler,Pune Warriors India,2013,Overseas,5.4375,8.3217
Akila Dananjaya,All-Rounder,Chennai Super Kings,2013,Overseas,0.15,0.2296
Ben Laughlin,Bowler,Chennai Super Kings,2013,Overseas,0.15,0.2296
Christopher Barnwell,All-Rounder,Royal Challengers Bangalore,2013,Overseas,0.375,0.5739
Christopher Morris,All-Rounder,Chennai Super Kings,2013,Overseas,4.6875,7.1739
Clinton McKay,Bowler,Sunrisers Hyderabad,2013,Overseas,0.75,1.1478
Daniel Christian,All-Rounder,Royal Challengers Bangalore,2013,Overseas,0.75,1.1478
Darren Sammy,All-Rounder,Sunrisers Hyderabad,2013,Overseas,3.1875,4.8783
Dirk Nannes,Bowler,Chennai Super Kings,2013,Overseas,4.5,6.8869
Fidel Edwards,Bowler,Rajasthan Royals,2013,Overseas,1.575,2.4104
Glenn Maxwell,All-Rounder,Mumbai Indians,2013,Overseas,7.5,11.4782
Jacob Oram,All-Rounder,Mumbai Indians,2013,Overseas,0.375,0.5739
James Faulkner,All-Rounder,Rajasthan Royals,2013,Overseas,3,4.5913
Jason Holder,Bowler,Chennai Super Kings,2013,Overseas,0.15,0.2296
Jaydev Unadkat,Bowler,Royal Challengers Bangalore,2013,Indian,3.9375,6.0261
Jeevan Mendis,All-Rounder,Delhi Daredevils,2013,Overseas,0.375,0.5739
Jesse Ryder,All-Rounder,Delhi Daredevils,2013,Overseas,1.95,2.9843
Johan Botha,All-Rounder,Delhi Daredevils,2013,Overseas,3.375,5.1652
Kane Richardson,Bowler,Pune Warriors India,2013,Overseas,5.25,8.0348
Kusal Janith Perera,Wicket Keeper,Rajasthan Royals,2013,Indian,0.15,0.2296
Luke Pomersbach,Batsman,Kings XI Punjab,2013,Overseas,2.25,3.4435
Manpreet Gony,Bowler,Kings XI Punjab,2013,Indian,3.75,5.7391
Michael Clarke,Batsman,Pune Warriors India,2013,Overseas,3,4.5913
Moises Henriques,All-Rounder,Royal Challengers Bangalore,2013,Overseas,2.25,3.4435
Nathan Coulter-Nile,Bowler,Mumbai Indians,2013,Overseas,3.375,5.1652
Nathan McCullum,Bowler,Sunrisers Hyderabad,2013,Overseas,0.75,1.1478
Pankaj Singh,Bowler,Royal Challengers Bangalore,2013,Indian,1.125,1.7217
Philip Hughes,Batsman,Mumbai Indians,2013,Overseas,0.75,1.1478
Quinton De Kock,Wicket Keeper,Sunrisers Hyderabad,2013,Overseas,0.15,0.2296
Ravi Rampaul,Bowler,Royal Challengers Bangalore,2013,Overseas,2.175,3.3287
Ricky Ponting,Batsman,Mumbai Indians,2013,Overseas,3,4.5913
Rudra Pratap Singh,Bowler,Royal Challengers Bangalore,2013,Indian,3,4.5913
Ryan McLaren,Bowler,Kolkata Knight Riders,2013,Overseas,0.375,0.5739
Sachithra Senanayaka,All-Rounder,Kolkata Knight Riders,2013,Overseas,4.6875,7.1739
Sudeep Tyagi,Bowler,Sunrisers Hyderabad,2013,Indian,0.75,1.1478
Thisara Perera,All-Rounder,Sunrisers Hyderabad,2013,Overseas,5.0625,7.7478
Aaron Finch,Batsman,Sunrisers Hyderabad,2014,Overseas,4,5.7861
Abhishek Nayar,All-Rounder,Rajasthan Royals,2014,Indian,1,1.4465
Abu Nechim Ahmed,Bowler,Royal Challengers Bangalore,2014,Indian,0.3,0.434
Aditya Tare,Wicket Keeper,Mumbai Indians,2014,Indian,1.6,2.3145
Akshar Rajesh Patel,All-Rounder,Kings XI Punjab,2014,Indian,0.75,1.0849
Albie Morkel,All-Rounder,Royal Challengers Bangalore,2014,Overseas,2.4,3.4717
Amit Mishra,Bowler,Rajasthan Royals,2014,Indian,0.1,0.1447
Amit Mishra,Bowler,Sunrisers Hyderabad,2014,Indian,4.75,6.871
Amit Paunikar,Wicket Keeper,Sunrisers Hyderabad,2014,Indian,0.2,0.2893
Andre Russell,All-Rounder,Kolkata Knight Riders,2014,Overseas,0.6,0.8679
Ankit Nagendra Sharma,Bowler,Rajasthan Royals,2014,Indian,0.1,0.1447
Ankush Bains,Wicket Keeper,Rajasthan Royals,2014,Indian,0.1,0.1447
Anureet Singh,Bowler,Kings XI Punjab,2014,Indian,0.2,0.2893
Apoorv Vijay Wankhade,Batsman,Mumbai Indians,2014,Indian,0.1,0.1447
Ashish Nehra,Bowler,Chennai Super Kings,2014,Indian,2,2.8931
Ashish Reddy,Bowler,Sunrisers Hyderabad,2014,Indian,0.2,0.2893
Ashok Dinda,Bowler,Royal Challengers Bangalore,2014,Indian,1.5,2.1698
Baba Aparajith,Batsman,Chennai Super Kings,2014,Indian,0.1,0.1447
Ben Cutting,Bowler,Rajasthan Royals,2014,Overseas,0.8,1.1572
Ben Dunk,Wicket Keeper,Mumbai Indians,2014,Overseas,0.2,0.2893
Ben Hilfenhaus,Bowler,Chennai Super Kings,2014,Overseas,1,1.4465
Beuran Hendricks,Bowler,Kings XI Punjab,2014,Overseas,1.8,2.6038
Bhuvneshwar Kumar,Bowler,Sunrisers Hyderabad,2014,Overseas,4.25,6.1478
Brad Hodge,Batsman,Rajasthan Royals,2014,Overseas,2.4,3.4717
Brendan Taylor,Wicket Keeper,Sunrisers Hyderabad,2014,Overseas,0.3,0.434
Brendon McCullum,Wicket Keeper,Chennai Super Kings,2014,Overseas,3.25,4.7012
C.M. Gautam,Wicket Keeper,Mumbai Indians,2014,Indian,0.2,0.2893
Chama Milind,Bowler,Sunrisers Hyderabad,2014,Indian,0.1,0.1447
Cheteshwar Pujara,Batsman,Kings XI Punjab,2014,Indian,1.9,2.7484
Chris Lynn,Batsman,Kolkata Knight Riders,2014,Overseas,1.3,1.8805
Corey Anderson,All-Rounder,Mumbai Indians,2014,Overseas,4.5,6.5094
Darren Sammy,All-Rounder,Sunrisers Hyderabad,2014,Overseas,3.5,5.0629
David Warner,Batsman,Sunrisers Hyderabad,2014,Overseas,5.5,7.9559
Debabrata Das,Wicket Keeper,Kolkata Knight Riders,2014,Indian,0.2,0.2893
Deepak Hooda,Bowler,Rajasthan Royals,2014,Indian,0.4,0.5786
Dhawal Kulkarni,Bowler,Rajasthan Royals,2014,Indian,1.1,1.5912
Dinesh Karthik,Wicket Keeper,Delhi Daredevils,2014,Indian,12.5,18.0817
Dishant Yagnik,Wicket Keeper,Rajasthan Royals,2014,Indian,0.3,0.434
Dwayne Smith,Batsman,Chennai Super Kings,2014,Overseas,4.5,6.5094
Faf Du Plessis,Batsman,Chennai Super Kings,2014,Overseas,4.75,6.871
George Bailey,Batsman,Kings XI Punjab,2014,Overseas,3.25,4.7012
Glenn Maxwell,All-Rounder,Kings XI Punjab,2014,Overseas,6,8.6792
Gurkeerat Singh Mann,Batsman,Kings XI Punjab,2014,Indian,1.3,1.8805
Harshal Patel,Bowler,Royal Challengers Bangalore,2014,Indian,0.4,0.5786
HS Sharath,Bowler,Delhi Daredevils,2014,Indian,0.1,0.1447
Iqbal Abdullah,All-Rounder,Rajasthan Royals,2014,Indian,0.65,0.9402
Irfan Pathan,All-Rounder,Sunrisers Hyderabad,2014,Indian,2.4,3.4717
Ishant Sharma,Bowler,Sunrisers Hyderabad,2014,Indian,2.6,3.761
Ishwar Chandra Pandey,Bowler,Chennai Super Kings,2014,Indian,1.5,2.1698
Jacques Kallis,All-Rounder,Kolkata Knight Riders,2014,Overseas,5.5,7.9559
Jalaj Saxena,All-Rounder,Mumbai Indians,2014,Indian,0.9,1.3019
James Neesham,All-Rounder,Delhi Daredevils,2014,Overseas,1,1.4465
Jason Holder,Bowler,Sunrisers Hyderabad,2014,Overseas,0.75,1.0849
Jasprit Bumrah,Bowler,Mumbai Indians,2014,Indian,1.2,1.7358
Jayant Yadav,All-Rounder,Delhi Daredevils,2014,Indian,0.1,0.1447
Jaydev Unadkat,Bowler,Delhi Daredevils,2014,Indian,2.8,4.0503
Jean-Paul Duminy,Batsman,Delhi Daredevils,2014,Overseas,2.2,3.1824
John Hastings,All-Rounder,Chennai Super Kings,2014,Overseas,0.5,0.7233
Josh Hazlewood,Bowler,Mumbai Indians,2014,Overseas,0.5,0.7233
Kane Richardson,Bowler,Rajasthan Royals,2014,Overseas,1,1.4465
Karanveer Singh,All-Rounder,Kings XI Punjab,2014,Indian,0.1,0.1447
Karn Sharma,Bowler,Sunrisers Hyderabad,2014,Indian,3.75,5.4245
Karun Nair,Batsman,Rajasthan Royals,2014,Indian,0.75,1.0849
Kedar Jadhav,Batsman,Delhi Daredevils,2014,Indian,2,2.8931
Kevin Pietersen,Batsman,Delhi Daredevils,2014,Overseas,9,13.0188
Kevon Cooper,All-Rounder,Rajasthan Royals,2014,Overseas,0.3,0.434
KL Rahul,Batsman,Sunrisers Hyderabad,2014,Indian,1,1.4465
Krismar Santokie,Bowler,Mumbai Indians,2014,Overseas,0.3,0.434
Kuldeep Yadav,Bowler,Kolkata Knight Riders,2014,Indian,0.4,0.5786
Lakshmipathy Balaji,Bowler,Kings XI Punjab,2014,Indian,1.8,2.6038
Laxmi Ratan Shukla,All-Rounder,Delhi Daredevils,2014,Indian,1.5,2.1698
Mandeep Hardev Singh,All-Rounder,Kings XI Punjab,2014,Indian,0.8,1.1572
Manish Pandey,Batsman,Kolkata Knight Riders,2014,Indian,1.7,2.4591
Manoj Tiwary,Batsman,Delhi Daredevils,2014,Indian,2.8,4.0503
Manprit Juneja,Batsman,Sunrisers Hyderabad,2014,Indian,0.1,0.1447
Manvinder Bisla,Wicket Keeper,Kolkata Knight Riders,2014,Indian,0.6,0.8679
Marchant De Lange,Bowler,Mumbai Indians,2014,Overseas,0.3,0.434
Matt Henry,Bowler,Chennai Super Kings,2014,Overseas,0.3,0.434
Mayank Agarwal,Batsman,Delhi Daredevils,2014,Indian,1.6,2.3145
Michael Hussey,Batsman,Mumbai Indians,2014,Overseas,5,7.2327
Milind Kumar,Batsman,Delhi Daredevils,2014,Indian,0.1,0.1447
Mitchell Johnson,All-Rounder,Kings XI Punjab,2014,Overseas,6.5,9.4025
Mitchell Starc,Bowler,Royal Challengers Bangalore,2014,Overseas,5,7.2327
Mithun Manhas,All-Rounder,Chennai Super Kings,2014,Indian,0.3,0.434
Mohammad Shami,Bowler,Delhi Daredevils,2014,Indian,4.25,6.1478
Mohit Sharma,Bowler,Chennai Super Kings,2014,Indian,2,2.8931
Moises Henriques,All-Rounder,Sunrisers Hyderabad,2014,Overseas,1,1.4465
Morne Morkel,Bowler,Kolkata Knight Riders,2014,Overseas,2.8,4.0503
Murali Kartik,Bowler,Kings XI Punjab,2014,Indian,1,1.4465
Murali Vijay,Batsman,Delhi Daredevils,2014,Indian,5,7.2327
Muttiah Muralitharan,Bowler,Royal Challengers Bangalore,2014,Overseas,1,1.4465
Naman Ojha,Wicket Keeper,Sunrisers Hyderabad,2014,Indian,0.5,0.7233
Nathan Coulter-Nile,Bowler,Delhi Daredevils,2014,Overseas,4.25,6.1478
Nic Maddinson,Batsman,Royal Challengers Bangalore,2014,Overseas,0.5,0.7233
Parthiv Patel,Wicket Keeper,Royal Challengers Bangalore,2014,Indian,1.4,2.0251
Parveez Rasool,All-Rounder,Sunrisers Hyderabad,2014,Indian,0.95,1.3742
Parvinder Awana,Bowler,Kings XI Punjab,2014,Indian,0.65,0.9402
Pat Cummins,Bowler,Kolkata Knight Riders,2014,Overseas,1,1.4465
Pawan Negi,Bowler,Chennai Super Kings,2014,Indian,0.1,0.1447
Pawan Suyal,Bowler,Mumbai Indians,2014,Indian,0.1,0.1447
Piyush Chawla,Bowler,Kolkata Knight Riders,2014,Indian,4.25,6.1478
Pragyan Ojha,Bowler,Mumbai Indians,2014,Indian,3.25,4.7012
Prasanth Parameswaran,Bowler,Sunrisers Hyderabad,2014,Indian,0.3,0.434
Pravin Tambe,Bowler,Rajasthan Royals,2014,Indian,0.1,0.1447
Quinton De Kock,Wicket Keeper,Delhi Daredevils,2014,Overseas,3.5,5.0629
Rahul Sharma,Bowler,Delhi Daredevils,2014,Indian,1.9,2.7484
Rahul Shukla,Bowler,Delhi Daredevils,2014,Indian,0.4,0.5786
Rahul Tewatia,All-Rounder,Rajasthan Royals,2014,Indian,0.1,0.1447
Rajat Bhatia,All-Rounder,Rajasthan Royals,2014,Indian,1.7,2.4591
Ranganath Vinay Kumar,Bowler,Kolkata Knight Riders,2014,Indian,2.8,4.0503
Ravi Rampaul,Bowler,Royal Challengers Bangalore,2014,Overseas,0.9,1.3019
Ricky Bhui,Batsman,Sunrisers Hyderabad,2014,Overseas,0.1,0.1447
Rishi Dhawan,All-Rounder,Kings XI Punjab,2014,Indian,3,4.3396
Robin Uthappa,Batsman,Kolkata Knight Riders,2014,Indian,5,7.2327
Ronit More,Bowler,Chennai Super Kings,2014,Indian,0.1,0.1447
Ross Taylor,Batsman,Delhi Daredevils,2014,Overseas,2,2.8931
Ryan Ten Doeschate,All-Rounder,Kolkata Knight Riders,2014,Overseas,1,1.4465
Sachin Rana,Bowler,Royal Challengers Bangalore,2014,Indian,0.2,0.2893
Samuel Badree,Bowler,Chennai Super Kings,2014,Overseas,0.3,0.434
Sandeep Sharma,Bowler,Kings XI Punjab,2014,Indian,0.85,1.2296
Sandeep Warrier,Bowler,Royal Challengers Bangalore,2014,Indian,0.1,0.1447
Saurabh Tiwary,Batsman,Delhi Daredevils,2014,Indian,0.7,1.0126
Sayan Sekhar Mandal,All-Rounder,Kolkata Knight Riders,2014,Indian,0.1,0.1447
Shadab Jakati,Bowler,Royal Challengers Bangalore,2014,Indian,0.2,0.2893
Shahbaz Nadeem,Bowler,Delhi Daredevils,2014,Indian,0.85,1.2296
Shakib Al Hasan,All-Rounder,Kolkata Knight Riders,2014,Overseas,2.8,4.0503
Shardul Thakur,Bowler,Kings XI Punjab,2014,Indian,0.2,0.2893
Shaun Marsh,Batsman,Kings XI Punjab,2014,Overseas,2.2,3.1824
Shivam Sharma,Bowler,Kings XI Punjab,2014,Indian,0.1,0.1447
Shreyas Gopal,Bowler,Mumbai Indians,2014,Indian,0.1,0.1447
Siddarth Kaul,Bowler,Delhi Daredevils,2014,Indian,0.45,0.6509
Srikkanth Anirudha,Batsman,Sunrisers Hyderabad,2014,Indian,0.2,0.2893
Steven Smith,All-Rounder,Rajasthan Royals,2014,Overseas,4,5.7861
Suryakumar Yadav,Batsman,Kolkata Knight Riders,2014,Indian,0.7,1.0126
Sushant Marathe,Wicket Keeper,Mumbai Indians,2014,Indian,0.1,0.1447
Tanmay Mishra,Batsman,Royal Challengers Bangalore,2014,Indian,0.1,0.1447
Thisara Perera,All-Rounder,Kings XI Punjab,2014,Overseas,1.6,2.3145
Tim Southee,Bowler,Rajasthan Royals,2014,Overseas,1.2,1.7358
Umesh Yadav,Bowler,Kolkata Knight Riders,2014,Indian,2.6,3.761
Unmukt Chand,Batsman,Rajasthan Royals,2014,Indian,0.65,0.9402
Varun Aaron,Bowler,Royal Challengers Bangalore,2014,Indian,2,2.8931
Veer Pratap Singh,Bowler,Kolkata Knight Riders,2014,Indian,0.4,0.5786
Venugopal Rao,Batsman,Sunrisers Hyderabad,2014,Indian,0.55,0.7956
Vijay Shankar,All-Rounder,Chennai Super Kings,2014,Indian,0.1,0.1447
Vijay Zol,Batsman,Royal Challengers Bangalore,2014,Indian,0.3,0.434
Vikramjeet Malik,Bowler,Rajasthan Royals,2014,Indian,0.2,0.2893
Virender Sehwag,Batsman,Kings XI Punjab,2014,Indian,3.2,4.6289
Wayne Parnell,Bowler,Delhi Daredevils,2014,Overseas,1,1.4465
Wriddhiman Saha,Wicket Keeper,Kings XI Punjab,2014,Indian,2.2,3.1824
Yogesh Takawale,Wicket Keeper,Royal Challengers Bangalore,2014,Indian,0.1,0.1447
Yusuf Pathan,All-Rounder,Kolkata Knight Riders,2014,Indian,3.25,4.7012
Yuvraj Singh,All-Rounder,Royal Challengers Bangalore,2014,Indian,14,20.2515
Yuzvendra Singh Chahal,Bowler,Royal Challengers Bangalore,2014,Indian,0.1,0.1447
Zaheer Khan,Bowler,Mumbai Indians,2014,Indian,2.6,3.761
Aaron Finch,Batsman,Mumbai Indians,2015,Overseas,3.2,4.4127
Abhimanyu Mithun,Bowler,Mumbai Indians,2015,Indian,0.3,0.4137
Adam Milne,Bowler,Royal Challengers Bangalore,2015,Overseas,0.7,0.9653
Aditya Garhwal,All-Rounder,Kolkata Knight Riders,2015,Indian,0.25,0.3447
Aiden Blizzard,Batsman,Mumbai Indians,2015,Overseas,0.3,0.4137
Akshay Wakhare,Bowler,Mumbai Indians,2015,Indian,0.1,0.1379
Albie Morkel,All-Rounder,Delhi Daredevils,2015,Overseas,0.3,0.4137
Amit Mishra,Bowler,Delhi Daredevils,2015,Indian,3.5,4.8264
Andrew Tye,Bowler,Chennai Super Kings,2015,Overseas,0.2,0.2758
Angelo Mathews,All-Rounder,Delhi Daredevils,2015,Overseas,7.5,10.3422
Ankush Bains,Wicket Keeper,Chennai Super Kings,2015,Indian,0.1,0.1379
Barinder Singh Saran,Bowler,Rajasthan Royals,2015,Indian,0.1,0.1379
Brad Hogg,Bowler,Kolkata Knight Riders,2015,Overseas,0.5,0.6895
C.M. Gautam,Wicket Keeper,Delhi Daredevils,2015,Indian,0.2,0.2758
Christopher Morris,All-Rounder,Rajasthan Royals,2015,Overseas,1.4,1.9305
Darren Sammy,All-Rounder,Royal Challengers Bangalore,2015,Overseas,2.8,3.8611
David Wiese,All-Rounder,Royal Challengers Bangalore,2015,Overseas,2.8,3.8611
Dinesh Karthik,Wicket Keeper,Royal Challengers Bangalore,2015,Indian,10.5,14.4791
Dinesh Salunkhe,All-Rounder,Rajasthan Royals,2015,Indian,0.1,0.1379
Domnic Joseph Muthuswamy,Bowler,Delhi Daredevils,2015,Overseas,0.75,1.0342
Eklavya Dwivedi,Wicket Keeper,Chennai Super Kings,2015,Indian,0.1,0.1379
Eoin Morgan,Batsman,Sunrisers Hyderabad,2015,Overseas,1.5,2.0684
Gurinder Sandhu,Bowler,Delhi Daredevils,2015,Indian,1.7,2.3442
Hanuma Vihari,Batsman,Sunrisers Hyderabad,2015,Indian,0.1,0.1379
Hardik Pandya,All-Rounder,Mumbai Indians,2015,Indian,0.1,0.1379
Irfan Pathan,All-Rounder,Chennai Super Kings,2015,Indian,1.5,2.0684
J Suchith,All-Rounder,Mumbai Indians,2015,Indian,0.1,0.1379
Jalaj Saxena,All-Rounder,Royal Challengers Bangalore,2015,Indian,0.1,0.1379
James Neesham,All-Rounder,Kolkata Knight Riders,2015,Overseas,0.5,0.6895
Jaydev Unadkat,Bowler,Delhi Daredevils,2015,Indian,1.1,1.5169
Juan Theron,Bowler,Rajasthan Royals,2015,Overseas,0.3,0.4137
K.C. Cariappa,Bowler,Kolkata Knight Riders,2015,Indian,2.4,3.3095
K.K. Jiyaz,Bowler,Delhi Daredevils,2015,Indian,0.1,0.1379
Kane Williamson,All-Rounder,Sunrisers Hyderabad,2015,Overseas,0.6,0.8274
Kevin Pietersen,Batsman,Sunrisers Hyderabad,2015,Overseas,2,2.7579
Kona Srikar Bharat,Wicket Keeper,Delhi Daredevils,2015,Indian,0.1,0.1379
Kyle Abbott,Bowler,Chennai Super Kings,2015,Overseas,0.3,0.4137
Laxmi Ratan Shukla,All-Rounder,Sunrisers Hyderabad,2015,Indian,0.3,0.4137
Marcus Stoinis,All-Rounder,Delhi Daredevils,2015,Overseas,0.25,0.3447
Michael Hussey,Batsman,Chennai Super Kings,2015,Overseas,1.5,2.0684
Mitchell McClenaghan,Bowler,Mumbai Indians,2015,Overseas,0.3,0.4137
Murali Vijay,Batsman,Kings XI Punjab,2015,Indian,3,4.1369
Nikhil Shankar Naik,Wicket Keeper,Kings XI Punjab,2015,Indian,0.3,0.4137
Nitish Rana,All-Rounder,Mumbai Indians,2015,Indian,0.1,0.1379
Pardeep Sahu,All-Rounder,Rajasthan Royals,2015,Indian,0.1,0.1379
Pragyan Ojha,Bowler,Mumbai Indians,2015,Indian,0.5,0.6895
Prasanth Padmanabhan,All-Rounder,Sunrisers Hyderabad,2015,Indian,0.1,0.1379
Pratyush Singh,All-Rounder,Chennai Super Kings,2015,Indian,0.1,0.1379
Praveen Kumar,Bowler,Sunrisers Hyderabad,2015,Indian,2.2,3.0337
Rahul Sharma,Bowler,Chennai Super Kings,2015,Indian,0.3,0.4137
Ravi Bopara,All-Rounder,Sunrisers Hyderabad,2015,Indian,1,1.379
Sagar Trivedi,All-Rounder,Rajasthan Royals,2015,Indian,0.1,0.1379
Sarfaraz Naushad Khan,Batsman,Royal Challengers Bangalore,2015,Indian,0.5,0.6895
Sean Abbott,Bowler,Royal Challengers Bangalore,2015,Overseas,1,1.379
Sheldon Jackson,Batsman,Kolkata Knight Riders,2015,Indian,0.15,0.2068
Shishir Bhavane,Batsman,Royal Challengers Bangalore,2015,Indian,0.1,0.1379
Shreyas Iyer,Batsman,Delhi Daredevils,2015,Indian,2.6,3.5853
Siddarth Kaul,Bowler,Sunrisers Hyderabad,2015,Indian,0.1,0.1379
Siddhesh Dinesh Lad,All-Rounder,Mumbai Indians,2015,Indian,0.1,0.1379
Subramaniam Badrinath,Batsman,Royal Challengers Bangalore,2015,Indian,0.3,0.4137
Sumit Narwal,All-Rounder,Kolkata Knight Riders,2015,Indian,0.1,0.1379
Travis Head,Batsman,Delhi Daredevils,2015,Overseas,0.3,0.4137
Trent Boult,Bowler,Sunrisers Hyderabad,2015,Overseas,3.8,5.2401
Vaibhav Rawal,All-Rounder,Kolkata Knight Riders,2015,Indian,0.1,0.1379
Yogesh Gowalkar,All-Rounder,Kings XI Punjab,2015,Indian,0.1,0.1379
Yuvraj Singh,Batsman,Delhi Daredevils,2015,Indian,16,22.0634
Zaheer Khan,Bowler,Delhi Daredevils,2015,Indian,4,5.5159
Aaron Finch,Batsman,Gujarat Lions,2016,Overseas,1,1.3196
Abhimanyu Mithun,Bowler,Sunrisers Hyderabad,2016,Indian,0.3,0.3959
Adam Zampa,Bowler,Rising Pune Supergiant,2016,Overseas,0.3,0.3959
Aditya Tare,Wicket Keeper,Sunrisers Hyderabad,2016,Indian,1.2,1.5835
Akhil Arvind Herwadkar,All-Rounder,Delhi Daredevils,2016,Indian,0.1,0.132
Akshay Karnewar,All-Rounder,Royal Challengers Bangalore,2016,Indian,0.1,0.132
Akshdeep Nath,All-Rounder,Gujarat Lions,2016,Indian,0.1,0.132
Amit Mishra,Bowler,Gujarat Lions,2016,Indian,0.1,0.132
Andrew Tye,All-Rounder,Gujarat Lions,2016,Overseas,0.5,0.6598
Ankit Sharma,All-Rounder,Rising Pune Supergiant,2016,Indian,0.1,0.132
Ankit Singh Rajpoot,Bowler,Kolkata Knight Riders,2016,Indian,1.5,1.9794
Ankush Bains,Wicket Keeper,Rising Pune Supergiant,2016,Indian,0.1,0.132
Armaan Jaffer,Batsman,Kings XI Punjab,2016,Indian,0.1,0.132
Ashish Nehra,Bowler,Sunrisers Hyderabad,2016,Indian,5.5,7.2577
Ashok Dinda,Bowler,Rising Pune Supergiant,2016,Indian,0.5,0.6598
Baba Aparajith,All-Rounder,Rising Pune Supergiant,2016,Indian,0.1,0.132
Barinder Singh Sran,Bowler,Sunrisers Hyderabad,2016,Indian,1.2,1.5835
Ben Cutting,All-Rounder,Sunrisers Hyderabad,2016,Overseas,0.5,0.6598
Carlos Brathwaite,All-Rounder,Delhi Daredevils,2016,Overseas,4.2,5.5422
Chama Milind,Bowler,Delhi Daredevils,2016,Indian,0.1,0.132
Christopher Morris,All-Rounder,Delhi Daredevils,2016,Overseas,7,9.2371
Colin Munro,All-Rounder,Kolkata Knight Riders,2016,Overseas,0.3,0.3959
Dale Steyn,Bowler,Gujarat Lions,2016,Overseas,2.3,3.035
Deepak Chahar,All-Rounder,Rising Pune Supergiant,2016,Indian,0.1,0.132
Deepak Hooda,All-Rounder,Sunrisers Hyderabad,2016,Indian,4.2,5.5422
Deepak Punia,All-Rounder,Mumbai Indians,2016,Indian,0.1,0.132
Dhawal Kulkarni,Bowler,Gujarat Lions,2016,Indian,2,2.6392
Dinesh Karthik,Wicket Keeper,Gujarat Lions,2016,Indian,2.3,3.035
Dwayne Smith,All-Rounder,Gujarat Lions,2016,Overseas,2.3,3.035
Eklavya Dwivedi,Wicket Keeper,Gujarat Lions,2016,Indian,1,1.3196
Farhaan Behardien,All-Rounder,Kings XI Punjab,2016,Overseas,0.3,0.3959
Iqbal Abdullah,All-Rounder,Royal Challengers Bangalore,2016,Indian,0.1,0.132
Irfan Pathan,All-Rounder,Rising Pune Supergiant,2016,Indian,1,1.3196
Ishan Kishan,Wicket Keeper,Gujarat Lions,2016,Indian,0.35,0.4619
Ishant Sharma,Bowler,Rising Pune Supergiant,2016,Indian,3.8,5.0144
Ishwar Chandra Pandey,Bowler,Rising Pune Supergiant,2016,Indian,0.2,0.2639
Jaskaran Singh,Bowler,Rising Pune Supergiant,2016,Indian,0.1,0.132
Jason Holder,All-Rounder,Kolkata Knight Riders,2016,Overseas,0.7,0.9237
Jaydev Shah,All-Rounder,Gujarat Lions,2016,Indian,0.2,0.2639
Jaydev Unadkat,Bowler,Kolkata Knight Riders,2016,Indian,1.6,2.1113
Jitesh Sharma,Wicket Keeper,Mumbai Indians,2016,Indian,0.1,0.132
Joel Paris,Bowler,Delhi Daredevils,2016,Overseas,0.3,0.3959
John Hastings,Bowler,Kolkata Knight Riders,2016,Overseas,1.3,1.7155
Jos Buttler,Wicket Keeper,Mumbai Indians,2016,Overseas,3.8,5.0144
K.C. Cariappa,Bowler,Kings XI Punjab,2016,Indian,0.8,1.0557
Kane Richardson,Bowler,Royal Challengers Bangalore,2016,Overseas,2,2.6392
Karun Nair,Batsman,Delhi Daredevils,2016,Indian,4,5.2783
Kevin Pietersen,Batsman,Rising Pune Supergiant,2016,Overseas,3.5,4.6185
Kishore Pramod Kamath,All-Rounder,Mumbai Indians,2016,Indian,1.4,1.8474
Krunal Pandya,All-Rounder,Mumbai Indians,2016,Indian,2,2.6392
Kyle Abbott,Bowler,Kings XI Punjab,2016,Overseas,2.1,2.7711
M. Ashwin,Bowler,Rising Pune Supergiant,2016,Indian,4.5,5.9381
Mahipal Lomror,All-Rounder,Delhi Daredevils,2016,Indian,0.1,0.132
Manan Ajay Sharma,All-Rounder,Kolkata Knight Riders,2016,Indian,0.1,0.132
Marcus Stoinis,All-Rounder,Kings XI Punjab,2016,Overseas,0.55,0.7258
Mitchell Marsh,All-Rounder,Rising Pune Supergiant,2016,Overseas,4.8,6.334
Mohit Sharma,Bowler,Kings XI Punjab,2016,Indian,6.5,8.5773
Mustafizur Rahman,Bowler,Sunrisers Hyderabad,2016,Overseas,1.4,1.8474
Nathu Singh,Bowler,Mumbai Indians,2016,Indian,3.2,4.2227
Paras Dogra,Batsman,Gujarat Lions,2016,Indian,0.1,0.132
Pardeep Sahu,All-Rounder,Kings XI Punjab,2016,Indian,0.1,0.132
Pawan Negi,All-Rounder,Delhi Daredevils,2016,Indian,8.5,11.2165
Pawan Suyal,Bowler,Delhi Daredevils,2016,Indian,0.1,0.132
Peter Handscomb,Wicket Keeper,Rising Pune Supergiant,2016,Overseas,0.3,0.3959
Pradeep Sangwan,All-Rounder,Gujarat Lions,2016,Indian,0.2,0.2639
Pratyush Singh,All-Rounder,Delhi Daredevils,2016,Indian,0.1,0.132
Praveen Dubey,All-Rounder,Royal Challengers Bangalore,2016,Indian,0.35,0.4619
Praveen Kumar,Bowler,Gujarat Lions,2016,Indian,3.5,4.6185
Pravin Tambe,Bowler,Gujarat Lions,2016,Indian,0.2,0.2639
Rajagopal Sathish,All-Rounder,Kolkata Knight Riders,2016,Indian,0.2,0.2639
Rajat Bhatia,All-Rounder,Rising Pune Supergiant,2016,Indian,0.6,0.7917
Rishabh Pant,Wicket Keeper,Delhi Daredevils,2016,Indian,1.9,2.5072
Rudra Pratap Singh,Bowler,Rising Pune Supergiant,2016,Indian,0.3,0.3959
Sachin Baby,Batsman,Royal Challengers Bangalore,2016,Indian,0.1,0.132
Sam Billings,Wicket Keeper,Delhi Daredevils,2016,Overseas,0.3,0.3959
Samuel Badree,Bowler,Royal Challengers Bangalore,2016,Overseas,0.5,0.6598
Sanju Samson,Wicket Keeper,Delhi Daredevils,2016,Indian,4.2,5.5422
Sarabjit Ladda,Bowler,Gujarat Lions,2016,Indian,0.1,0.132
Scott Boland,Bowler,Rising Pune Supergiant,2016,Overseas,0.5,0.6598
Shadab Jakati,All-Rounder,Gujarat Lions,2016,Indian,0.2,0.2639
Shane Watson,All-Rounder,Royal Challengers Bangalore,2016,Overseas,9.5,12.536
Shivil Kaushik,Bowler,Gujarat Lions,2016,Indian,0.1,0.132
Stuart Binny,All-Rounder,Royal Challengers Bangalore,2016,Indian,2,2.6392
Swapnil Singh,All-Rounder,Kings XI Punjab,2016,Indian,0.1,0.132
Syed Khaleel Ahmed,All-Rounder,Delhi Daredevils,2016,Indian,0.1,0.132
Thisara Perera,All-Rounder,Rising Pune Supergiant,2016,Overseas,1,1.3196
Tim Southee,Bowler,Mumbai Indians,2016,Overseas,2.5,3.299
Tirumalasetti Suman,Batsman,Sunrisers Hyderabad,2016,Indian,0.1,0.132
Travis Head,Batsman,Royal Challengers Bangalore,2016,Overseas,0.5,0.6598
Umang Sharma,Batsman,Gujarat Lions,2016,Indian,0.1,0.132
Vijay Shankar,All-Rounder,Sunrisers Hyderabad,2016,Indian,0.35,0.4619
Vikas Tokas,Bowler,Royal Challengers Bangalore,2016,Indian,0.1,0.132
Vikramjeet Malik,Bowler,Royal Challengers Bangalore,2016,Indian,0.2,0.2639
Yuvraj Singh,All-Rounder,Sunrisers Hyderabad,2016,Indian,7,9.2371
Aditya Tare,Wicket Keeper,Delhi Daredevils,2017,Indian,0.25,0.3184
Akshdeep Nath,All-Rounder,Gujarat Lions,2017,Indian,0.1,0.1274
Angelo Mathews,All-Rounder,Delhi Daredevils,2017,Overseas,2,2.5475
Aniket Choudhary,Bowler,Royal Challengers Bangalore,2017,Indian,2,2.5475
Ankeet Bawane,Batsman,Delhi Daredevils,2017,Indian,0.1,0.1274
Asela Gunarathna,Batsman,Mumbai Indians,2017,Overseas,0.3,0.3821
Basil Thampi,Bowler,Gujarat Lions,2017,Indian,0.85,1.0827
Ben Laughlin,Bowler,Sunrisers Hyderabad,2017,Overseas,0.3,0.3821
Benjamin Stokes,All-Rounder,Rising Pune Supergiant,2017,Overseas,14.5,18.4691
Billy Stanlake,Bowler,Royal Challengers Bangalore,2017,Overseas,0.3,0.3821
Chirag Suri,Batsman,Gujarat Lions,2017,Indian,0.1,0.1274
Chris Jordan,All-Rounder,Sunrisers Hyderabad,2017,Overseas,0.5,0.6369
Chris Woakes,All-Rounder,Kolkata Knight Riders,2017,Overseas,4.2,5.3497
Corey Anderson,All-Rounder,Delhi Daredevils,2017,Overseas,1,1.2737
Daniel Christian,All-Rounder,Rising Pune Supergiant,2017,Overseas,1,1.2737
Darren Bravo,Batsman,Kolkata Knight Riders,2017,Overseas,0.5,0.6369
Darren Sammy,All-Rounder,Kings XI Punjab,2017,Overseas,0.3,0.3821
Eklavya Dwivedi,Wicket Keeper,Sunrisers Hyderabad,2017,Indian,0.75,0.9553
Eoin Morgan,Batsman,Kings XI Punjab,2017,Overseas,2,2.5475
Ishank Jaggi,Batsman,Kolkata Knight Riders,2017,Indian,0.1,0.1274
Jason Roy,Batsman,Gujarat Lions,2017,Overseas,1,1.2737
Jaydev Unadkat,Bowler,Rising Pune Supergiant,2017,Indian,0.3,0.3821
Kagiso Rabada,Bowler,Delhi Daredevils,2017,Overseas,5,6.3686
Karn Sharma,All-Rounder,Mumbai Indians,2017,Indian,3.2,4.0759
Krishnappa Gowtham,All-Rounder,Mumbai Indians,2017,Indian,2,2.5475
Kulwant Khejroliya,Bowler,Mumbai Indians,2017,Indian,0.1,0.1274
Lockie Ferguson,Bowler,Rising Pune Supergiant,2017,Overseas,0.5,0.6369
M. Ashwin,Bowler,Delhi Daredevils,2017,Indian,1,1.2737
Manoj Tiwary,Batsman,Rising Pune Supergiant,2017,Indian,0.5,0.6369
Manpreet Gony,Bowler,Gujarat Lions,2017,Indian,0.6,0.7642
Martin Guptill,Batsman,Kings XI Punjab,2017,Overseas,0.5,0.6369
Matt Henry,Bowler,Kings XI Punjab,2017,Overseas,0.5,0.6369
Milind Tandon,All-Rounder,Rising Pune Supergiant,2017,Indian,0.1,0.1274
Mitchell Johnson,Bowler,Mumbai Indians,2017,Overseas,2,2.5475
Mohammad Nabi,All-Rounder,Sunrisers Hyderabad,2017,Overseas,0.3,0.3821
Mohammed Siraj,Bowler,Sunrisers Hyderabad,2017,Indian,2.6,3.3117
Munaf Patel,Bowler,Gujarat Lions,2017,Indian,0.3,0.3821
Nathan Coulter-Nile,Bowler,Kolkata Knight Riders,2017,Overseas,3.5,4.458
Nathu Singh,Bowler,Gujarat Lions,2017,Indian,0.5,0.6369
Navdeep Saini,Bowler,Delhi Daredevils,2017,Indian,0.1,0.1274
Nicolas Pooran,Wicket Keeper,Mumbai Indians,2017,Overseas,0.3,0.3821
Pat Cummins,Bowler,Delhi Daredevils,2017,Overseas,4.5,5.7318
Pawan Negi,All-Rounder,Royal Challengers Bangalore,2017,Indian,1,1.2737
Pratham Singh,All-Rounder,Gujarat Lions,2017,Indian,0.1,0.1274
Praveen Dubey,All-Rounder,Royal Challengers Bangalore,2017,Indian,0.1,0.1274
Pravin Tambe,Bowler,Sunrisers Hyderabad,2017,Indian,0.1,0.1274
R. Sanjay Yadav,All-Rounder,Kolkata Knight Riders,2017,Indian,0.1,0.1274
Rahul Ajay Tripathi,All-Rounder,Rising Pune Supergiant,2017,Indian,0.1,0.1274
Rahul Chahar,Bowler,Rising Pune Supergiant,2017,Indian,0.1,0.1274
Rahul Tewatia,All-Rounder,Kings XI Punjab,2017,Indian,0.25,0.3184
Rashid Khan Arman,Bowler,Sunrisers Hyderabad,2017,Overseas,4,5.0949
Rinku Singh,Batsman,Kings XI Punjab,2017,Indian,0.1,0.1274
Rishi Dhawan,All-Rounder,Kolkata Knight Riders,2017,Indian,0.55,0.7006
Rovman Powell,All-Rounder,Kolkata Knight Riders,2017,Overseas,0.3,0.3821
Saurabh Kumar,Bowler,Rising Pune Supergiant,2017,Indian,0.1,0.1274
Saurabh Tiwary,Batsman,Mumbai Indians,2017,Indian,0.3,0.3821
Sayan Ghosh,Bowler,Kolkata Knight Riders,2017,Indian,0.1,0.1274
Shashank Singh,All-Rounder,Delhi Daredevils,2017,Indian,0.1,0.1274
Shelley Shaurya,Bowler,Gujarat Lions,2017,Indian,0.1,0.1274
Shubam Agrawal,All-Rounder,Gujarat Lions,2017,Indian,0.1,0.1274
T Natarajan,Bowler,Kings XI Punjab,2017,Indian,3,3.8212
Tanmay Agarwal,Batsman,Sunrisers Hyderabad,2017,Indian,0.1,0.1274
Tejas Singh Baroka,Bowler,Gujarat Lions,2017,Indian,0.1,0.1274
Trent Boult,Bowler,Kolkata Knight Riders,2017,Overseas,5,6.3686
Tymal Mills,Bowler,Royal Challengers Bangalore,2017,Overseas,12,15.2847
Varun Aaron,Bowler,Kings XI Punjab,2017,Indian,2.8,3.5664
Aaron Finch,Batsman,Kings XI Punjab,2018,Overseas,6.2,7.6352
Abhishek Sharma,All-Rounder,Delhi Daredevils,2018,Indian,0.55,0.6773
Aditya Tare,Wicket Keeper,Mumbai Indians,2018,Indian,0.2,0.2463
Ajinkya Rahane,Batsman,Rajasthan Royals,2018,Indian,4,4.926
Akila Dhananjaya,Bowler,Mumbai Indians,2018,Overseas,0.5,0.6157
Akshdeep Nath,All-Rounder,Kings XI Punjab,2018,Indian,1,1.2315
Ambati Rayudu,Wicket Keeper,Chennai Super Kings,2018,Indian,2.2,2.7093
Amit Mishra,Bowler,Delhi Daredevils,2018,Indian,4,4.926
Andrew Tye,Bowler,Kings XI Punjab,2018,Overseas,7.2,8.8667
Aniket Choudhary,Bowler,Royal Challengers Bangalore,2018,Indian,0.3,0.3694
Anirudha Ashok Joshi,All-Rounder,Royal Challengers Bangalore,2018,Indian,0.2,0.2463
Ankit Sharma,All-Rounder,Rajasthan Royals,2018,Indian,0.2,0.2463
Ankit Singh Rajpoot,Bowler,Kings XI Punjab,2018,Indian,3,3.6945
Anukul Roy,All-Rounder,Mumbai Indians,2018,Indian,0.2,0.2463
Anureet Singh,Bowler,Rajasthan Royals,2018,Indian,0.3,0.3694
Apoorv Vijay Wankhade,Batsman,Kolkata Knight Riders,2018,Indian,0.2,0.2463
Aryaman Vikram Birla,All-Rounder,Rajasthan Royals,2018,Indian,0.3,0.3694
Asif K M,Bowler,Chennai Super Kings,2018,Indian,0.4,0.4926
Avesh Khan,Bowler,Delhi Daredevils,2018,Indian,0.7,0.862
Barinder Singh Sran,Bowler,Kings XI Punjab,2018,Indian,2.2,2.7093
Basil Thampi,Bowler,Sunrisers Hyderabad,2018,Indian,0.95,1.1699
Ben Cutting,All-Rounder,Mumbai Indians,2018,Overseas,2.2,2.7093
Ben Dwarshuis,Bowler,Kings XI Punjab,2018,Overseas,1.4,1.7241
Ben Laughlin,Bowler,Rajasthan Royals,2018,Overseas,0.5,0.6157
Benjamin Stokes,All-Rounder,Rajasthan Royals,2018,Overseas,12.5,15.3936
Billy Stanlake,Batsman,Sunrisers Hyderabad,2018,Overseas,0.5,0.6157
Bipul Sharma,All-Rounder,Sunrisers Hyderabad,2018,Indian,0.2,0.2463
Brendon McCullum,Batsman,Royal Challengers Bangalore,2018,Overseas,3.6,4.4334
Cameron Delport,All-Rounder,Kolkata Knight Riders,2018,Overseas,0.3,0.3694
Carlos Brathwaite,All-Rounder,Sunrisers Hyderabad,2018,Overseas,2,2.463
Chaitanya Bishnoi,All-Rounder,Chennai Super Kings,2018,Indian,0.2,0.2463
Chris Jordan,All-Rounder,Sunrisers Hyderabad,2018,Overseas,1,1.2315
Chris Lynn,Batsman,Kolkata Knight Riders,2018,Overseas,9.6,11.8223
Chris Woakes,All-Rounder,Royal Challengers Bangalore,2018,Overseas,7.4,9.113
Christopher Gayle,Batsman,Kings XI Punjab,2018,Overseas,2,2.463
Colin De Grandhomme,All-Rounder,Royal Challengers Bangalore,2018,Overseas,2.2,2.7093
Colin Munro,All-Rounder,Delhi Daredevils,2018,Overseas,1.9,2.3398
Daniel Christian,All-Rounder,Delhi Daredevils,2018,Overseas,1.5,1.8472
Darcy Short,All-Rounder,Rajasthan Royals,2018,Overseas,4,4.926
David Miller,Batsman,Kings XI Punjab,2018,Overseas,3,3.6945
Deepak Chahar,All-Rounder,Chennai Super Kings,2018,Indian,0.8,0.9852
Deepak Hooda,All-Rounder,Sunrisers Hyderabad,2018,Indian,3.6,4.4334
Dhawal Kulkarni,Bowler,Rajasthan Royals,2018,Indian,0.75,0.9236
Dhruv Shorey,All-Rounder,Chennai Super Kings,2018,Indian,0.2,0.2463
Dinesh Karthik,Wicket Keeper,Kolkata Knight Riders,2018,Indian,7.4,9.113
Dushmantha Chameera,Bowler,Rajasthan Royals,2018,Overseas,0.5,0.6157
Dwayne Bravo,All-Rounder,Chennai Super Kings,2018,Overseas,6.4,7.8815
Evin Lewis,Batsman,Mumbai Indians,2018,Overseas,3.8,4.6797
Faf Du Plessis,Batsman,Chennai Super Kings,2018,Overseas,1.6,1.9704
Gautam Gambhir,Batsman,Delhi Daredevils,2018,Indian,2.8,3.4482
Glenn Maxwell,All-Rounder,Delhi Daredevils,2018,Overseas,9,11.0834
Gurkeerat Singh Mann,All-Rounder,Delhi Daredevils,2018,Indian,0.75,0.9236
Harbhajan Singh,Bowler,Chennai Super Kings,2018,Indian,2,2.463
Harshal Patel,All-Rounder,Delhi Daredevils,2018,Indian,0.2,0.2463
Imran Tahir,Bowler,Chennai Super Kings,2018,Overseas,1,1.2315
Ishan Kishan,Wicket Keeper,Mumbai Indians,2018,Indian,6.2,7.6352
Ishank Jaggi,Batsman,Kolkata Knight Riders,2018,Indian,0.2,0.2463
Jason Behrendorff,Bowler,Mumbai Indians,2018,Overseas,1.5,1.8472
Jason Roy,Batsman,Delhi Daredevils,2018,Overseas,1.5,1.8472
Jatin Saxena,All-Rounder,Rajasthan Royals,2018,Indian,0.2,0.2463
Javon Searless,All-Rounder,Kolkata Knight Riders,2018,Indian,0.3,0.3694
Jayant Yadav,All-Rounder,Delhi Daredevils,2018,Indian,0.5,0.6157
Jaydev Unadkat,Bowler,Rajasthan Royals,2018,Indian,11.5,14.1621
Jean-Paul Duminy,All-Rounder,Mumbai Indians,2018,Overseas,1,1.2315
Jofra Archer,All-Rounder,Rajasthan Royals,2018,Overseas,7.2,8.8667
Jos Buttler,Wicket Keeper,Rajasthan Royals,2018,Overseas,4.4,5.4185
Kagiso Rabada,Bowler,Delhi Daredevils,2018,Overseas,4.2,5.1723
Kamlesh Nagarkoti,All-Rounder,Kolkata Knight Riders,2018,Indian,3.2,3.9408
Kane Williamson,Batsman,Sunrisers Hyderabad,2018,Overseas,3,3.6945
Kanishk Seth,All-Rounder,Chennai Super Kings,2018,Indian,0.2,0.2463
Karn Sharma,Bowler,Chennai Super Kings,2018,Indian,5,6.1574
Karun Nair,Batsman,Kings XI Punjab,2018,Indian,5.6,6.8963
Kedar Jadhav,All-Rounder,Chennai Super Kings,2018,Indian,7.8,9.6056
Kieron Pollard,All-Rounder,Mumbai Indians,2018,Overseas,5.4,6.65
KL Rahul,Batsman,Kings XI Punjab,2018,Indian,11,13.5464
Krishnappa Gowtham,Bowler,Rajasthan Royals,2018,Indian,6.2,7.6352
Krunal Pandya,All-Rounder,Mumbai Indians,2018,Indian,8.8,10.8371
Kshitiz Sharma,All-Rounder,Chennai Super Kings,2018,Indian,0.2,0.2463
Kuldeep Yadav,Bowler,Kolkata Knight Riders,2018,Indian,5.8,7.1426
Kulwant Khejroliya,Bowler,Royal Challengers Bangalore,2018,Indian,0.85,1.0468
Lungisani Ngidi,Bowler,Chennai Super Kings,2018,Overseas,0.5,0.6157
M. Ashwin,Bowler,Royal Challengers Bangalore,2018,Indian,2.2,2.7093
Washington Sundar,All-Rounder,Royal Challengers Bangalore,2018,Indian,3.2,3.9408
Mahipal Lomror,All-Rounder,Rajasthan Royals,2018,Indian,0.2,0.2463
Manan Vohra,Batsman,Royal Challengers Bangalore,2018,Indian,1.1,1.3546
Mandeep Singh,All-Rounder,Royal Challengers Bangalore,2018,Indian,1.4,1.7241
Manish Pandey,Batsman,Sunrisers Hyderabad,2018,Indian,11,13.5464
Manjot Kalra,Batsman,Delhi Daredevils,2018,Indian,0.2,0.2463
Manoj Tiwary,Batsman,Kings XI Punjab,2018,Indian,1,1.2315
Manzoor Dar,All-Rounder,Kings XI Punjab,2018,Indian,0.2,0.2463
Marcus Stoinis,All-Rounder,Kings XI Punjab,2018,Overseas,6.2,7.6352
Mark Wood,Bowler,Chennai Super Kings,2018,Overseas,1.5,1.8472
Mayank Agarwal,Batsman,Kings XI Punjab,2018,Indian,1,1.2315
Mayank Dagar,All-Rounder,Kings XI Punjab,2018,Indian,0.2,0.2463
Mayank Markande,Bowler,Mumbai Indians,2018,Indian,0.2,0.2463
Midhun S,All-Rounder,Rajasthan Royals,2018,Indian,0.2,0.2463
Mitchell Johnson,Bowler,Kolkata Knight Riders,2018,Overseas,2,2.463
Mitchell Santner,All-Rounder,Chennai Super Kings,2018,Overseas,0.5,0.6157
Mitchell Starc,Bowler,Kolkata Knight Riders,2018,Overseas,9.4,11.576
Moeen Ali,All-Rounder,Royal Challengers Bangalore,2018,Overseas,1.7,2.0935
Mohammad Nabi,All-Rounder,Sunrisers Hyderabad,2018,Overseas,1,1.2315
Mohammad Shami,Bowler,Delhi Daredevils,2018,Indian,3,3.6945
Mohammed Siraj,Bowler,Royal Challengers Bangalore,2018,Indian,2.6,3.2019
Mohit Sharma,Bowler,Kings XI Punjab,2018,Indian,2.4,2.9556
Mohsin Khan,Bowler,Mumbai Indians,2018,Indian,0.2,0.2463
Monu Singh,Bowler,Chennai Super Kings,2018,Indian,0.2,0.2463
Mujeeb Zadran,Bowler,Kings XI Punjab,2018,Overseas,4,4.926
Murali Vijay,Batsman,Chennai Super Kings,2018,Indian,2,2.463
Mustafizur Rahman,Bowler,Mumbai Indians,2018,Overseas,2.2,2.7093
N Jagadeesan,Wicket Keeper,Chennai Super Kings,2018,Indian,0.2,0.2463
Naman Ojha,Wicket Keeper,Delhi Daredevils,2018,Indian,1.4,1.7241
Nathan Coulter-Nile,Bowler,Royal Challengers Bangalore,2018,Overseas,2.2,2.7093
Navdeep Saini,Bowler,Royal Challengers Bangalore,2018,Indian,3,3.6945
Nidheesh M D Dinesan,Bowler,Mumbai Indians,2018,Indian,0.2,0.2463
Nitish Rana,All-Rounder,Kolkata Knight Riders,2018,Indian,3.4,4.1871
Pardeep Sahu,Bowler,Kings XI Punjab,2018,Indian,0.2,0.2463
Parthiv Patel,Wicket Keeper,Royal Challengers Bangalore,2018,Indian,1.7,2.0935
Pat Cummins,Bowler,Mumbai Indians,2018,Overseas,5.4,6.65
Pavan Deshpande,All-Rounder,Royal Challengers Bangalore,2018,Indian,0.2,0.2463
Pawan Negi,All-Rounder,Royal Challengers Bangalore,2018,Indian,1,1.2315
Piyush Chawla,Bowler,Kolkata Knight Riders,2018,Indian,4.2,5.1723
Pradeep Sangwan,Bowler,Mumbai Indians,2018,Indian,1.5,1.8472
Prashant Chopra,Wicket Keeper,Rajasthan Royals,2018,Indian,0.2,0.2463
Prithvi Shaw,Batsman,Delhi Daredevils,2018,Indian,1.2,1.4778
Quinton De Kock,Wicket Keeper,Royal Challengers Bangalore,2018,Overseas,2.8,3.4482
Rahul Chahar,Bowler,Mumbai Indians,2018,Indian,1.9,2.3398
Rahul Tewatia,All-Rounder,Delhi Daredevils,2018,Indian,3,3.6945
Rahul Tripathi,Batsman,Rajasthan Royals,2018,Indian,3.4,4.1871
Ranganath Vinay Kumar,Bowler,Kolkata Knight Riders,2018,Indian,1,1.2315
Rashid Khan Arman,Bowler,Sunrisers Hyderabad,2018,Overseas,9,11.0834
Ravichandran Ashwin,All-Rounder,Kings XI Punjab,2018,Overseas,7.6,9.3593
Ricky Bhui,Batsman,Sunrisers Hyderabad,2018,Overseas,0.2,0.2463
Rinku Singh,Batsman,Kolkata Knight Riders,2018,Indian,0.8,0.9852
Robin Uthappa,Batsman,Kolkata Knight Riders,2018,Indian,6.4,7.8815
Sachin Baby,Batsman,Sunrisers Hyderabad,2018,Indian,0.2,0.2463
Sam Billings,Wicket Keeper,Chennai Super Kings,2018,Overseas,1,1.2315
Sandeep Lamichhane,Bowler,Delhi Daredevils,2018,Overseas,0.2,0.2463
Sandeep Sharma,Bowler,Sunrisers Hyderabad,2018,Indian,3,3.6945
Sanju Samson,Wicket Keeper,Rajasthan Royals,2018,Indian,8,9.8519
Saurabh Tiwary,Batsman,Mumbai Indians,2018,Indian,0.8,0.9852
Sayan Ghosh,Bowler,Delhi Daredevils,2018,Indian,0.2,0.2463
Shahbaz Nadeem,Bowler,Delhi Daredevils,2018,Indian,3.2,3.9408
Shakib Al Hasan,All-Rounder,Sunrisers Hyderabad,2018,Overseas,2,2.463
Shane Watson,All-Rounder,Chennai Super Kings,2018,Overseas,4,4.926
Sharad Lumba,Batsman,Mumbai Indians,2018,Indian,0.2,0.2463
Shardul Thakur,Bowler,Chennai Super Kings,2018,Indian,2.6,3.2019
Shikhar Dhawan,Batsman,Sunrisers Hyderabad,2018,Indian,5.2,6.4037
Shivam Mavi,All-Rounder,Kolkata Knight Riders,2018,Indian,3,3.6945
Shreevats Goswami,Wicket Keeper,Sunrisers Hyderabad,2018,Indian,1,1.2315
Shreyas Gopal,All-Rounder,Rajasthan Royals,2018,Indian,0.2,0.2463
Shubman Gill,Batsman,Kolkata Knight Riders,2018,Indian,1.8,2.2167
Siddarth Kaul,Bowler,Sunrisers Hyderabad,2018,Indian,3.8,4.6797
Siddhesh Dinesh Lad,Batsman,Mumbai Indians,2018,Indian,0.2,0.2463
Stuart Binny,All-Rounder,Rajasthan Royals,2018,Indian,0.5,0.6157
Suryakumar Yadav,Batsman,Mumbai Indians,2018,Indian,3.2,3.9408
Syed Khaleel Ahmed,Bowler,Sunrisers Hyderabad,2018,Indian,3,3.6945
Syed Mehdi Hasan,All-Rounder,Sunrisers Hyderabad,2018,Indian,0.2,0.2463
T Natarajan,Bowler,Sunrisers Hyderabad,2018,Indian,0.4,0.4926
Tajinder Dhillon,All-Rounder,Mumbai Indians,2018,Indian,0.55,0.6773
Tanmay Agarwal,Batsman,Sunrisers Hyderabad,2018,Indian,0.2,0.2463
Tim Southee,Bowler,Royal Challengers Bangalore,2018,Overseas,1,1.2315
Trent Boult,Bowler,Delhi Daredevils,2018,Overseas,2.2,2.7093
Umesh Yadav,Bowler,Royal Challengers Bangalore,2018,Indian,4.2,5.1723
Vijay Shankar,All-Rounder,Delhi Daredevils,2018,Indian,3.2,3.9408
Wriddhiman Saha,Wicket Keeper,Sunrisers Hyderabad,2018,Indian,5,6.1574
Yusuf Pathan,All-Rounder,Sunrisers Hyderabad,2018,Indian,1.9,2.3398
Yuvraj Singh,All-Rounder,Kings XI Punjab,2018,Indian,2,2.463
Yuzvendra Singh Chahal,Bowler,Royal Challengers Bangalore,2018,Indian,6,7.3889
Zahir Khan Pakteen,Bowler,Rajasthan Royals,2018,Indian,0.6,0.7389
Agnivesh Ayachi,All-Rounder,Kings XI Punjab,2019,Indian,0.2,0.2351
Akshdeep Nath,All-Rounder,Royal Challengers Bangalore,2019,Indian,3.6,4.2319
Ankush Bains,Wicket Keeper,Delhi Capitals,2019,Indian,0.2,0.2351
Anmolpreet Singh,Batsman,Mumbai Indians,2019,Indian,0.8,0.9404
Anrich Nortje,Bowler,Kolkata Knight Riders,2019,Overseas,0.2,0.2351
Arshdeep Singh,Bowler,Kings XI Punjab,2019,Indian,0.2,0.2351
Ashton Turner,All-Rounder,Rajasthan Royals,2019,Indian,0.5,0.5878
Axar Rajesh Patel,All-Rounder,Delhi Capitals,2019,Indian,5,5.8777
Bandaru Ayyappa,Bowler,Delhi Capitals,2019,Indian,0.2,0.2351
Barinder Singh Sran,Bowler,Mumbai Indians,2019,Indian,3.4,3.9968
Carlos Brathwaite,All-Rounder,Kolkata Knight Riders,2019,Overseas,5,5.8777
Colin Ingram,Batsman,Delhi Capitals,2019,Overseas,6.4,7.5234
Darshan Nalkande,All-Rounder,Kings XI Punjab,2019,Indian,0.3,0.3527
Devdutt Padikkal,Batsman,Royal Challengers Bangalore,2019,Indian,0.2,0.2351
Gurkeerat Singh Mann,All-Rounder,Royal Challengers Bangalore,2019,Indian,0.5,0.5878
Hanuma Vihari,Batsman,Delhi Capitals,2019,Indian,2,2.3511
Hardus Viljoen,Bowler,Kings XI Punjab,2019,Overseas,0.75,0.8816
Harpreet Brar,All-Rounder,Kings XI Punjab,2019,Indian,0.2,0.2351
Harry Gurney,Bowler,Kolkata Knight Riders,2019,Overseas,0.75,0.8816
Heinrich Klaasen,Wicket Keeper,Royal Challengers Bangalore,2019,Overseas,0.5,0.5878
Himmat Singh,Batsman,Royal Challengers Bangalore,2019,Indian,0.65,0.7641
Ishant Sharma,Bowler,Delhi Capitals,2019,Indian,1.1,1.2931
Jalaj Saxena,All-Rounder,Delhi Capitals,2019,Indian,0.2,0.2351
Jaydev Unadkat,Bowler,Rajasthan Royals,2019,Indian,8.4,9.8745
Joe Denly,Batsman,Kolkata Knight Riders,2019,Overseas,1,1.1755
Jonny Bairstow,Wicket Keeper,Sunrisers Hyderabad,2019,Overseas,2.2,2.5862
Keemo Paul,All-Rounder,Delhi Capitals,2019,Overseas,0.5,0.5878
Lasith Malinga,Bowler,Mumbai Indians,2019,Overseas,2,2.3511
Liam Livingstone,All-Rounder,Rajasthan Royals,2019,Overseas,0.5,0.5878
Lockie Ferguson,Bowler,Kolkata Knight Riders,2019,Overseas,1.6,1.8809
M. Ashwin,Bowler,Kings XI Punjab,2019,Indian,0.2,0.2351
Manan Vohra,Batsman,Rajasthan Royals,2019,Indian,0.2,0.2351
Martin Guptill,Batsman,Sunrisers Hyderabad,2019,Overseas,1,1.1755
Milind Kumar,All-Rounder,Royal Challengers Bangalore,2019,Indian,0.2,0.2351
Mohammad Shami,Bowler,Kings XI Punjab,2019,Indian,4.8,5.6426
Mohit Sharma,Bowler,Chennai Super Kings,2019,Indian,5,5.8777
Moises Henriques,All-Rounder,Kings XI Punjab,2019,Overseas,1,1.1755
Nathu Singh,Bowler,Delhi Capitals,2019,Indian,0.2,0.2351
Nicolas Pooran,Wicket Keeper,Kings XI Punjab,2019,Overseas,4.2,4.9372
Nikhil Shankar Naik,Wicket Keeper,Kolkata Knight Riders,2019,Indian,0.2,0.2351
Oshane Thomas,Bowler,Rajasthan Royals,2019,Overseas,1.1,1.2931
Pankaj Jaswal,All-Rounder,Mumbai Indians,2019,Overseas,0.2,0.2351
Prabhsimran Singh,Wicket Keeper,Kings XI Punjab,2019,Indian,4.8,5.6426
Prayas Ray Barman,All-Rounder,Royal Challengers Bangalore,2019,Indian,1.5,1.7633
Prithvi Raj Yarra,Bowler,Kolkata Knight Riders,2019,Indian,0.2,0.2351
Rasikh Dar,Bowler,Mumbai Indians,2019,Indian,0.2,0.2351
Riyan Parag,All-Rounder,Rajasthan Royals,2019,Indian,0.2,0.2351
Ruturaj Gaikwad,Batsman,Chennai Super Kings,2019,Indian,0.2,0.2351
Sam Curran,All-Rounder,Kings XI Punjab,2019,Overseas,7.2,8.4638
Sarfaraz Naushad Khan,All-Rounder,Kings XI Punjab,2019,Indian,0.25,0.2939
Shashank Singh,All-Rounder,Rajasthan Royals,2019,Indian,0.3,0.3527
Sherfane Rutherford,All-Rounder,Delhi Capitals,2019,Overseas,2,2.3511
Shimron Hetmyer,Batsman,Royal Challengers Bangalore,2019,Overseas,4.2,4.9372
Shivam Dube,All-Rounder,Royal Challengers Bangalore,2019,Indian,5,5.8777
Shrikant Mundhe,All-Rounder,Kolkata Knight Riders,2019,Indian,0.2,0.2351
Shubham Ranjane,All-Rounder,Rajasthan Royals,2019,Indian,0.2,0.2351
Varun Aaron,Bowler,Rajasthan Royals,2019,Indian,2.4,2.8213
Varun Chakaravarthy,All-Rounder,Kings XI Punjab,2019,Indian,8.4,9.8745
Wriddhiman Saha,Wicket Keeper,Sunrisers Hyderabad,2019,Indian,1.2,1.4106
Yuvraj Singh,All-Rounder,Mumbai Indians,2019,Indian,1,1.1755
Aaron Finch,Batsman,Royal Challengers Bangalore,2020,Overseas,4.4,4.8713
Abdul Samad,All-Rounder,Sunrisers Hyderabad,2020,Indian,0.2,0.2214
Akash Singh,Bowler,Rajasthan Royals,2020,Indian,0.2,0.2214
Alex Carey,Wicket Keeper,Delhi Capitals,2020,Overseas,2.4,2.6571
Andrew Tye,Bowler,Rajasthan Royals,2020,Overseas,1,1.1071
Anirudha Ashok Joshi,All-Rounder,Rajasthan Royals,2020,Indian,0.2,0.2214
Anuj Rawat,Wicket Keeper,Rajasthan Royals,2020,Indian,0.8,0.8857
Chris Green,All-Rounder,Kolkata Knight Riders,2020,Overseas,0.2,0.2214
Chris Jordan,All-Rounder,Kings XI Punjab,2020,Overseas,3,3.3213
Chris Lynn,Batsman,Mumbai Indians,2020,Overseas,2,2.2142
Chris Woakes,All-Rounder,Delhi Capitals,2020,Overseas,1.5,1.6607
Christopher Morris,All-Rounder,Royal Challengers Bangalore,2020,Overseas,10,11.0711
Dale Steyn,Bowler,Royal Challengers Bangalore,2020,Overseas,2,2.2142
David Miller,Batsman,Rajasthan Royals,2020,Overseas,0.75,0.8303
Deepak Hooda,All-Rounder,Kings XI Punjab,2020,Indian,0.5,0.5536
Digvijay Deshmukh,All-Rounder,Mumbai Indians,2020,Indian,0.2,0.2214
Eoin Morgan,Batsman,Kolkata Knight Riders,2020,Overseas,5.25,5.8123
Fabian Allen,All-Rounder,Sunrisers Hyderabad,2020,Overseas,0.5,0.5536
Glenn Maxwell,All-Rounder,Kings XI Punjab,2020,Overseas,10.75,11.9015
Isuru Udana,All-Rounder,Royal Challengers Bangalore,2020,Overseas,0.5,0.5536
James Neesham,All-Rounder,Kings XI Punjab,2020,Overseas,0.5,0.5536
Jason Roy,Batsman,Delhi Capitals,2020,Overseas,1.5,1.6607
Jaydev Unadkat,Bowler,Rajasthan Royals,2020,Indian,3,3.3213
Josh Hazlewood,Bowler,Chennai Super Kings,2020,Overseas,2,2.2142
Joshua Philippe,Wicket Keeper,Royal Challengers Bangalore,2020,Overseas,0.2,0.2214
Kane Richardson,Bowler,Royal Challengers Bangalore,2020,Overseas,4,4.4285
Kartik Tyagi,Bowler,Rajasthan Royals,2020,Indian,1.3,1.4392
Lalit Yadav,All-Rounder,Delhi Capitals,2020,Indian,0.2,0.2214
M Siddharth,Bowler,Kolkata Knight Riders,2020,Indian,0.2,0.2214
Marcus Stoinis,All-Rounder,Delhi Capitals,2020,Overseas,4.8,5.3141
Mitchell Marsh,All-Rounder,Sunrisers Hyderabad,2020,Overseas,2,2.2142
Mohit Sharma,Bowler,Delhi Capitals,2020,Indian,0.5,0.5536
Mohsin Khan,Bowler,Mumbai Indians,2020,Indian,0.2,0.2214
Nathan Coulter-Nile,Bowler,Mumbai Indians,2020,Overseas,8,8.8569
Nikhil Shankar Naik,Wicket Keeper,Kolkata Knight Riders,2020,Indian,0.2,0.2214
Oshane Thomas,Bowler,Rajasthan Royals,2020,Overseas,0.5,0.5536
Pat Cummins,All-Rounder,Kolkata Knight Riders,2020,Overseas,15.5,17.1603
Pavan Deshpande,All-Rounder,Royal Challengers Bangalore,2020,Indian,0.2,0.2214
Piyush Chawla,Bowler,Chennai Super Kings,2020,Indian,6.75,7.473
Prabhsimran Singh,Wicket Keeper,Kings XI Punjab,2020,Indian,0.55,0.6089
Pravin Tambe,Bowler,Kolkata Knight Riders,2020,Indian,0.2,0.2214
Prince Balwant Rai Singh,All-Rounder,Mumbai Indians,2020,Indian,0.2,0.2214
Priyam Garg,Batsman,Sunrisers Hyderabad,2020,Indian,1.9,2.1035
R. Sai Kishore,Bowler,Chennai Super Kings,2020,Indian,0.2,0.2214
Rahul Tripathi,Batsman,Kolkata Knight Riders,2020,Indian,0.6,0.6643
Ravi Bishnoi,Bowler,Kings XI Punjab,2020,Indian,2,2.2142
Robin Uthappa,Batsman,Rajasthan Royals,2020,Indian,3,3.3213
Sam Curran,All-Rounder,Chennai Super Kings,2020,Overseas,5.5,6.0891
Sandeep Bavanaka,All-Rounder,Sunrisers Hyderabad,2020,Overseas,0.2,0.2214
Sanjay Yadav,All-Rounder,Sunrisers Hyderabad,2020,Indian,0.2,0.2214
Saurabh Tiwary,Batsman,Mumbai Indians,2020,Indian,0.5,0.5536
Shahbaz Ahamad,Wicket Keeper,Royal Challengers Bangalore,2020,Indian,0.2,0.2214
Sheldon Cottrell,Bowler,Kings XI Punjab,2020,Overseas,8.5,9.4105
Shimron Hetmyer,Batsman,Delhi Capitals,2020,Overseas,7.75,8.5801
Tajinder Dhillon,All-Rounder,Kings XI Punjab,2020,Indian,0.2,0.2214
Tom Banton,Batsman,Kolkata Knight Riders,2020,Overseas,1,1.1071
Tom Curran,All-Rounder,Rajasthan Royals,2020,Overseas,1,1.1071
Tushar Deshpande,Bowler,Delhi Capitals,2020,Indian,0.2,0.2214
Varun Chakaravarthy,All-Rounder,Kolkata Knight Riders,2020,Indian,4,4.4285
Virat Singh,Batsman,Sunrisers Hyderabad,2020,Indian,1.9,2.1035
Yashasvi Jaiswal,All-Rounder,Rajasthan Royals,2020,Indian,2.4,2.6571
Adam Milne,Bowler,Mumbai Indians,2021,Overseas,3.2,3.3562
Akash Singh,Bowler,Rajasthan Royals,2021,Indian,0.2,0.2098
Arjun Tendulkar,All-Rounder,Mumbai Indians,2021,Indian,0.2,0.2098
Ben Cutting,All-Rounder,Kolkata Knight Riders,2021,Overseas,0.75,0.7866
C Hari Nishaanth,Batsman,Chennai Super Kings,2021,Indian,0.2,0.2098
Chetan Sakariya,Bowler,Rajasthan Royals,2021,Indian,1.2,1.2586
Cheteshwar Pujara,Batsman,Chennai Super Kings,2021,Indian,0.5,0.5244
Christopher Morris,All-Rounder,Rajasthan Royals,2021,Overseas,16.25,17.043
Dan Christian,All-Rounder,Royal Challengers Bangalore,2021,Overseas,4.8,5.0342
Dawid Malan,All-Rounder,Punjab Kings,2021,Overseas,1.5,1.5732
Fabian Allen,All-Rounder,Punjab Kings,2021,Overseas,0.75,0.7866
Glenn Maxwell,All-Rounder,Royal Challengers Bangalore,2021,Overseas,14.25,14.9454
Harbhajan Singh,Bowler,Kolkata Knight Riders,2021,Indian,2,2.0976
J Suchith,Bowler,Sunrisers Hyderabad,2021,Indian,0.3,0.3146
Jalaj Saxena,All-Rounder,Punjab Kings,2021,Indian,0.3,0.3146
James Neesham,All-Rounder,Mumbai Indians,2021,Overseas,0.5,0.5244
Jhye Richardson,Bowler,Punjab Kings,2021,Overseas,14,14.6832
K.Bhagath Varma,All-Rounder,Chennai Super Kings,2021,Indian,0.2,0.2098
K.C Cariappa,Bowler,Rajasthan Royals,2021,Indian,0.2,0.2098
Karun Nair,Batsman,Kolkata Knight Riders,2021,Indian,0.5,0.5244
Kedar Jadhav,All-Rounder,Sunrisers Hyderabad,2021,Indian,2,2.0976
Kona Srikar Bharat,Wicket Keeper,Royal Challengers Bangalore,2021,Indian,0.2,0.2098
Krishnappa Gowtham,All-Rounder,Chennai Super Kings,2021,Indian,9.25,9.7014
Kuldip Yadav,Bowler,Rajasthan Royals,2021,Indian,0.2,0.2098
Kyle Jamieson,All-Rounder,Royal Challengers Bangalore,2021,Overseas,15,15.732
Liam Livingstone,All-Rounder,Rajasthan Royals,2021,Overseas,0.75,0.7866
Lukman Hussain Meriwala,Bowler,Delhi Capitals,2021,Indian,0.2,0.2098
M Siddharth,Bowler,Delhi Capitals,2021,Indian,0.2,0.2098
M. Harisankar Reddy,Bowler,Chennai Super Kings,2021,Indian,0.2,0.2098
Marco Jansen,All-Rounder,Mumbai Indians,2021,Overseas,0.2,0.2098
Moeen Ali,All-Rounder,Chennai Super Kings,2021,Overseas,7,7.3416
Mohammed Azharudeen,Wicket Keeper,Royal Challengers Bangalore,2021,Indian,0.2,0.2098
Moises Henriques,All-Rounder,Punjab Kings,2021,Overseas,4.2,4.405
Mujeeb Zadran,Bowler,Sunrisers Hyderabad,2021,Overseas,1.5,1.5732
Mustafizur Rahman,Bowler,Rajasthan Royals,2021,Overseas,1,1.0488
Nathan Coulter-Nile,Bowler,Mumbai Indians,2021,Overseas,5,5.244
Pawan Negi,All-Rounder,Kolkata Knight Riders,2021,Indian,0.5,0.5244
Piyush Chawla,Bowler,Mumbai Indians,2021,Indian,2.4,2.5171
Rajat Patidar,Batsman,Royal Challengers Bangalore,2021,Indian,0.2,0.2098
Riley Meredith,Bowler,Punjab Kings,2021,Overseas,8,8.3904
Ripal Patel,All-Rounder,Delhi Capitals,2021,Indian,0.2,0.2098
Sachin Baby,Batsman,Royal Challengers Bangalore,2021,Indian,0.2,0.2098
Sam Billings,Wicket Keeper,Delhi Capitals,2021,Overseas,2,2.0976
Saurabh Kumar,All-Rounder,Punjab Kings,2021,Indian,0.2,0.2098
Shahrukh Khan,All-Rounder,Punjab Kings,2021,Indian,5.25,5.5062
Shakib Al Hasan,All-Rounder,Kolkata Knight Riders,2021,Overseas,3.2,3.3562
Sheldon Jackson,Wicket Keeper,Kolkata Knight Riders,2021,Indian,0.2,0.2098
Shivam Dube,All-Rounder,Rajasthan Royals,2021,Indian,4.4,4.6147
Steven Smith,Batsman,Delhi Capitals,2021,Overseas,2.2,2.3074
Suyash Prabhudesai,All-Rounder,Royal Challengers Bangalore,2021,Indian,0.2,0.2098
Tom Curran,All-Rounder,Delhi Capitals,2021,Overseas,5.25,5.5062
Umesh Yadav,Bowler,Delhi Capitals,2021,Indian,1,1.0488
Utkarsh Singh,All-Rounder,Punjab Kings,2021,Indian,0.2,0.2098
Vaibhav Arora,Bowler,Kolkata Knight Riders,2021,Indian,0.2,0.2098
Venkatesh Iyer,All-Rounder,Kolkata Knight Riders,2021,Indian,0.2,0.2098
Vishnu Vinod,Wicket Keeper,Delhi Capitals,2021,Indian,0.2,0.2098
Yudhvir Charak,All-Rounder,Mumbai Indians,2021,Indian,0.2,0.2098
