Team,Player,Tournament,Matches,Batting Innings,Not Out,Runds Scored,Highest Score,Batting Average,Balls Faced,Batting Strike Rate,100,50,0,4s,6s,Bowling Innings,Overs Bowled,Maidens Bowled,Runs Conceded,Wickets Taken,Bowling Average,Bowling Economy Rate,Bowling Strike Rate,4+ Innings Wickets,5+ Innings Wickets,Catches Taken,Stumpings Made,Price
Sunrisers Hyderabad,A Ashish Reddy,2016,4,3,1,47,2,23.5,29,162.06,0,0,0,2,4,2,3.5,0,39,1,39,10.17,23,0,0,1,0,3000000
Royal Challengers Bangalore,A Choudhary,2017,5,3,2,25,2,25,20,125,0,0,0,1,1,5,16.5,2,144,5,28.8,8.55,20.2,0,0,0,0,3000000
Mumbai Indians,A Dananjaya,2018,1,1,1,4,2,0,5,80,0,0,0,0,0,1,4,0,47,0,0,11.75,0,0,0,0,0,5000000
Delhi Daredevils,A Mishra,2016,14,2,0,4,2,2,14,28.57,0,0,0,0,0,14,46,0,344,13,26.46,7.47,21.2,1,0,3,0,35000000
Delhi Daredevils,A Mishra,2017,14,6,5,49,2,49,52,94.23,0,0,0,2,2,14,38.5,1,343,10,34.3,8.83,23.3,0,0,3,0,40000000
Delhi Daredevils,A Mishra,2018,10,1,1,1,2,0,2,50,0,0,0,0,0,10,37,1,264,12,22,7.13,18.5,0,0,0,0,45000000
Delhi Capitals,A Mishra,2019,11,4,2,21,2,10.5,24,87.5,0,0,0,2,0,11,40,0,270,11,24.54,6.75,21.8,0,0,1,0,45000000
Sunrisers Hyderabad,A Nehra,2016,8,2,2,1,2,0,1,100,0,0,0,0,0,8,26,1,199,9,22.11,7.65,17.3,0,0,1,0,55000000
Sunrisers Hyderabad,A Nehra,2017,6,2,2,0,2,0,0,0,0,0,0,0,0,6,21.1,0,197,8,24.62,9.3,15.8,0,0,1,0,60000000
Rising Pune Supergiants,A Zampa,2016,5,1,0,0,2,0,1,0,0,0,1,0,0,5,17,0,115,12,9.58,6.76,8.5,0,1,0,0,3000000
Rising Pune Supergiant,A Zampa,2017,6,1,0,5,2,5,7,71.42,0,0,0,1,0,6,19.5,0,163,7,23.28,8.21,17,0,0,0,0,5000000
Royal Challengers Bangalore,AB de Villiers,2016,16,16,3,687,2,52.84,407,168.79,1,6,1,57,37,0,0,0,0,0,0,0,0,0,0,19,0,110000000
Royal Challengers Bangalore,AB de Villiers,2017,9,9,1,216,2,27,163,132.51,0,1,0,12,16,0,0,0,0,0,0,0,0,0,0,6,0,110000000
Royal Challengers Bangalore,AB de Villiers,2018,12,11,2,480,2,53.33,275,174.54,0,6,0,39,30,0,0,0,0,0,0,0,0,0,0,6,0,110000000
Royal Challengers Bangalore,AB de Villiers,2019,13,13,3,442,2,44.2,287,154,0,5,0,31,26,0,0,0,0,0,0,0,0,0,0,6,0,110000000
Rising Pune Supergiants,AB Dinda,2016,9,0,0,0,2,0,0,0,0,0,0,0,0,9,30.3,2,231,11,21,7.57,16.6,0,0,0,0,5000000
Rising Pune Supergiant,AB Dinda,2017,3,1,0,7,2,7,7,100,0,0,0,1,0,3,10,0,119,1,119,11.9,60,0,0,0,0,5000000
Delhi Daredevils,Abhishek Sharma,2018,3,3,2,63,2,63,33,190.9,0,0,0,3,5,0,0,0,0,0,0,0,0,0,0,1,0,5500000
Sunrisers Hyderabad,Abhishek Sharma,2019,3,3,1,9,2,4.5,9,100,0,0,0,1,0,2,2,0,21,1,21,10.5,12,0,0,1,0,5500000
Sunrisers Hyderabad,AD Hales,2018,6,6,0,148,2,24.66,118,125.42,0,0,0,13,6,0,0,0,0,0,0,0,0,0,0,2,0,15000000
Delhi Daredevils,AD Mathews,2017,3,2,0,32,2,16,27,118.51,0,0,0,2,1,2,5,0,56,0,0,11.2,0,0,0,2,0,20000000
Gujarat Lions,AD Nath,2016,4,3,0,20,2,6.66,27,74.07,0,0,0,1,0,0,0,0,0,0,0,0,0,0,0,0,0,1000000
Gujarat Lions,AD Nath,2017,1,1,0,0,2,0,1,0,0,0,1,0,0,0,0,0,0,0,0,0,0,0,0,0,0,1000000
Kings XI Punjab,AD Nath,2018,1,1,0,9,2,9,13,69.23,0,0,0,1,0,0,0,0,0,0,0,0,0,0,0,1,0,10000000
Royal Challengers Bangalore,AD Nath,2019,8,5,0,61,2,12.2,57,107.01,0,0,0,5,2,0,0,0,0,0,0,0,0,0,0,1,0,36000000
Kolkata Knight Riders,AD Russell,2016,12,8,1,188,2,26.85,114,164.91,0,0,0,10,15,12,36.3,0,291,15,19.4,7.97,14.6,1,0,2,0,120000000
Kolkata Knight Riders,AD Russell,2018,16,14,3,316,2,28.72,171,184.79,0,1,1,17,31,15,37.5,0,355,13,27.3,9.38,17.4,0,0,8,0,120000000
Kolkata Knight Riders,AD Russell,2019,14,13,4,510,2,56.66,249,204.81,0,4,1,31,52,12,30.1,0,287,11,26.09,9.51,16.4,0,0,4,0,120000000
Royal Challengers Bangalore,AF Milne,2016,1,0,0,0,2,0,0,0,0,0,0,0,0,1,4,0,43,1,43,10.75,24,0,0,1,0,32000000
Royal Challengers Bangalore,AF Milne,2017,4,3,1,7,2,3.5,12,58.33,0,0,0,0,0,4,14,0,134,3,44.66,9.57,28,0,0,4,0,19000000
Gujarat Lions,AJ Finch,2016,13,12,2,393,2,39.3,299,131.43,0,5,2,45,11,0,0,0,0,0,0,0,0,0,0,3,0,10000000
Gujarat Lions,AJ Finch,2017,13,13,1,299,2,24.91,180,166.11,0,2,1,25,19,0,0,0,0,0,0,0,0,0,0,5,0,62000000
Kings XI Punjab,AJ Finch,2018,10,9,1,134,2,16.75,100,134,0,0,2,6,8,0,0,0,0,0,0,0,0,0,0,4,0,44000000
Rajasthan Royals,AJ Turner,2019,4,4,1,3,2,1,10,30,0,0,3,0,0,0,0,0,0,0,0,0,0,0,0,0,0,5000000
Gujarat Lions,AJ Tye,2017,6,3,1,53,2,26.5,30,176.66,0,0,0,4,3,6,21,0,141,12,11.75,6.71,10.5,0,1,0,0,72000000
Kings XI Punjab,AJ Tye,2018,14,8,2,32,2,5.33,38,84.21,0,0,2,2,1,14,56,0,448,24,18.66,8,14,3,0,5,0,40000000
Kings XI Punjab,AJ Tye,2019,6,1,1,0,2,0,2,0,0,0,0,0,0,6,22,0,233,3,77.66,10.59,44,0,0,2,0,10000000
Rising Pune Supergiants,AM Rahane,2016,14,14,3,480,2,43.63,379,126.64,0,6,2,54,9,0,0,0,0,0,0,0,0,0,0,7,0,40000000
Rising Pune Supergiant,AM Rahane,2017,16,16,1,382,2,25.46,323,118.26,0,2,2,35,9,0,0,0,0,0,0,0,0,0,0,6,0,40000000
Rajasthan Royals,AM Rahane,2018,15,14,1,370,2,28.46,313,118.21,0,1,0,39,5,0,0,0,0,0,0,0,0,0,0,4,0,20000000
Rajasthan Royals,AM Rahane,2019,14,13,1,393,2,32.75,285,137.89,1,1,1,45,9,0,0,0,0,0,0,0,0,0,0,5,0,20000000
Rising Pune Supergiants,Ankit Sharma,2016,3,1,1,3,2,0,3,100,0,0,0,0,0,3,11,0,84,1,84,7.63,66,0,0,1,0,1000000
Rising Pune Supergiant,Ankit Sharma,2017,1,1,0,25,2,25,15,166.66,0,0,0,2,1,1,1,0,16,0,0,16,0,0,0,0,0,2000000
Rajasthan Royals,Ankit Sharma,2018,1,0,0,0,2,0,0,0,0,0,0,0,0,1,1,0,11,0,0,11,0,0,0,0,0,2000000
Gujarat Lions,Ankit Soni,2017,7,3,1,7,2,3.5,9,77.77,0,0,2,0,1,6,18.1,0,144,2,72,7.92,54.5,0,0,1,0,2000000
Kings XI Punjab,Anureet Singh,2016,2,0,0,0,2,0,0,0,0,0,0,0,0,2,6,0,43,0,0,7.16,0,0,0,0,0,3000000
Kings XI Punjab,Anureet Singh,2017,1,1,0,15,2,15,12,125,0,0,0,2,0,1,2,0,26,0,0,13,0,0,0,0,0,3000000
Rajasthan Royals,Anureet Singh,2018,3,1,1,3,2,0,4,75,0,0,0,0,0,3,4,0,42,1,42,10.5,24,0,0,1,0,3000000
Sunrisers Hyderabad,AP Tare,2016,3,2,0,8,2,4,15,53.33,0,0,1,1,0,0,0,0,0,0,0,0,0,0,0,1,0,2500000
Delhi Daredevils,AP Tare,2017,3,3,0,18,2,6,23,78.26,0,0,2,3,0,0,0,0,0,0,0,0,0,0,0,0,0,2000000
Delhi Daredevils,AR Bawne,2017,1,1,1,12,2,0,12,100,0,0,0,1,0,0,0,0,0,0,0,0,0,0,0,0,0,1000000
Kings XI Punjab,AR Patel,2016,14,10,3,111,2,15.85,77,144.15,0,0,2,4,8,14,47.5,0,388,13,29.84,8.11,22,1,0,2,0,40000000
Kings XI Punjab,AR Patel,2017,14,13,5,227,2,28.37,162,140.12,0,0,1,11,11,14,48,0,362,15,24.13,7.54,19.2,0,0,7,0,40000000
Kings XI Punjab,AR Patel,2018,9,8,2,80,2,13.33,69,115.94,0,0,0,3,4,8,26,0,218,3,72.66,8.38,52,0,0,2,0,50000000
Delhi Capitals,AR Patel,2019,14,12,6,110,2,18.33,88,125,0,0,1,10,3,14,51,0,364,10,36.4,7.13,30.6,0,0,9,0,50000000
Kings XI Punjab,Arshdeep Singh,2019,3,0,0,0,2,0,0,0,0,0,0,0,0,3,10,0,109,3,36.33,10.9,20,0,0,0,0,2000000
Mumbai Indians,AS Joseph,2019,3,2,2,15,2,0,13,115.38,0,0,0,2,0,3,8.4,1,87,6,14.5,10.03,8.6,0,1,1,0,20000000
Kolkata Knight Riders,AS Rajpoot,2016,4,0,0,0,2,0,0,0,0,0,0,0,0,4,11,0,98,3,32.66,8.9,22,0,0,0,0,15000000
Kolkata Knight Riders,AS Rajpoot,2017,5,1,0,4,2,4,7,57.14,0,0,0,1,0,5,14,0,107,4,26.75,7.64,21,0,0,1,0,30000000
Kings XI Punjab,AS Rajpoot,2018,8,3,0,11,2,3.66,18,61.11,0,0,0,1,0,8,26.1,1,223,11,20.27,8.52,14.2,0,1,2,0,15000000
Kings XI Punjab,AS Rajpoot,2019,4,0,0,0,2,0,0,0,0,0,0,0,0,4,16,0,152,3,50.66,9.5,32,0,0,1,0,10000000
Mumbai Indians,AS Roy,2019,1,0,0,0,2,0,0,0,0,0,0,0,0,1,2,0,11,1,11,5.5,12,0,0,0,0,2000000
Mumbai Indians,AT Rayudu,2016,13,12,1,334,2,30.36,278,120.14,0,2,1,28,12,0,0,0,0,0,0,0,0,0,0,4,0,20000000
Mumbai Indians,AT Rayudu,2017,5,5,0,91,2,18.2,78,116.66,0,1,1,7,3,0,0,0,0,0,0,0,0,0,0,3,0,22000000
Chennai Super Kings,AT Rayudu,2018,16,16,2,602,2,43,402,149.75,1,3,1,53,34,0,0,0,0,0,0,0,0,0,0,2,0,40000000
Chennai Super Kings,AT Rayudu,2019,17,17,5,282,2,23.5,303,93.06,0,1,2,20,7,0,0,0,0,0,0,0,0,0,0,6,0,67500000
Royal Challengers Bangalore,Avesh Khan,2017,1,0,0,0,2,0,0,0,0,0,0,0,0,1,4,0,23,1,23,5.75,24,0,0,0,0,7000000
Delhi Daredevils,Avesh Khan,2018,6,0,0,0,2,0,0,0,0,0,0,0,0,6,19,0,204,4,51,10.73,28.5,0,0,3,0,20000000
Delhi Capitals,Avesh Khan,2019,1,1,1,4,2,0,3,133.33,0,0,0,1,0,1,3,0,30,0,0,10,0,0,0,1,0,40000000
Sunrisers Hyderabad,B Kumar,2016,17,8,2,43,2,7.16,27,159.25,0,0,0,6,1,17,66,3,490,23,21.3,7.42,17.2,1,0,6,0,42000000
Sunrisers Hyderabad,B Kumar,2017,14,2,1,4,2,4,4,100,0,0,1,0,0,14,52.2,0,369,26,14.19,7.05,12,0,1,4,0,42000000
Sunrisers Hyderabad,B Kumar,2018,12,4,2,13,2,6.5,16,81.25,0,0,1,1,0,12,46.1,1,354,9,39.33,7.66,30.7,0,0,2,0,42000000
Sunrisers Hyderabad,B Kumar,2019,15,5,2,12,2,4,19,63.15,0,0,0,1,0,15,59,1,461,13,35.46,7.81,27.2,0,0,4,0,42000000
Rajasthan Royals,B Laughlin,2018,7,2,1,1,2,1,4,25,0,0,1,0,0,7,20.5,0,211,9,23.44,10.12,13.8,0,0,1,0,5000000
Royal Challengers Bangalore,B Stanlake,2017,2,0,0,0,2,0,0,0,0,0,0,0,0,2,8,0,70,2,35,8.75,24,0,0,1,0,3000000
Sunrisers Hyderabad,B Stanlake,2018,4,1,1,5,2,0,2,250,0,0,0,1,0,4,16,0,130,5,26,8.12,19.2,0,0,0,0,5000000
Rising Pune Supergiant,BA Stokes,2017,12,11,1,316,2,31.6,221,142.98,1,1,0,22,15,12,44,1,316,12,26.33,7.18,22,0,0,5,0,145000000
Rajasthan Royals,BA Stokes,2018,13,13,1,196,2,16.33,161,121.73,0,0,1,13,6,12,37,1,303,8,37.87,8.18,27.7,0,0,6,0,125000000
Rajasthan Royals,BA Stokes,2019,9,9,3,123,2,20.5,99,124.24,0,0,1,8,4,6,16.5,0,189,6,31.5,11.22,16.8,0,0,3,0,120000000
Gujarat Lions,Basil Thampi,2017,12,5,5,28,2,0,28,100,0,0,0,1,1,12,44.4,0,424,11,38.54,9.49,24.3,0,0,2,0,8500000
Sunrisers Hyderabad,Basil Thampi,2018,4,2,1,3,2,3,6,50,0,0,0,0,0,4,10.1,0,114,5,22.8,11.21,12.2,0,0,2,0,9500000
Sunrisers Hyderabad,Basil Thampi,2019,3,1,1,1,2,0,1,100,0,0,0,0,0,3,12,0,110,0,0,9.16,0,0,0,0,0,9500000
Gujarat Lions,BB McCullum,2016,16,16,0,354,2,22.12,262,135.11,0,1,1,38,16,0,0,0,0,0,0,0,0,0,0,0,0,32500000
Gujarat Lions,BB McCullum,2017,11,11,0,319,2,29,217,147,0,2,0,29,18,0,0,0,0,0,0,0,0,0,0,8,0,36000000
Royal Challengers Bangalore,BB McCullum,2018,6,6,0,127,2,21.16,88,144.31,0,0,1,16,6,0,0,0,0,0,0,0,0,0,0,1,0,33000000
Sunrisers Hyderabad,BB Sran,2016,14,4,4,4,2,0,4,100,0,0,0,0,0,14,49.3,0,413,14,29.5,8.34,21.2,0,0,2,0,12000000
Sunrisers Hyderabad,BB Sran,2017,1,0,0,0,2,0,0,0,0,0,0,0,0,1,2,0,29,0,0,14.5,0,0,0,0,0,22000000
Kings XI Punjab,BB Sran,2018,6,4,3,3,2,3,7,42.85,0,0,0,0,0,6,22,0,229,4,57.25,10.4,33,0,0,2,0,34000000
Mumbai Indians,BB Sran,2019,2,1,1,3,2,0,3,100,0,0,0,0,0,2,4,0,51,0,0,12.75,0,0,0,0,0,34000000
Sunrisers Hyderabad,BCJ Cutting,2016,4,4,2,65,2,32.5,34,191.17,0,0,1,4,6,4,11.1,0,80,5,16,7.16,13.4,0,0,1,0,5000000
Sunrisers Hyderabad,BCJ Cutting,2017,4,3,1,51,2,25.5,26,196.15,0,0,0,5,3,4,12.4,0,123,1,123,9.71,76,0,0,1,0,22000000
Mumbai Indians,BCJ Cutting,2018,9,6,2,96,2,24,58,165.51,0,0,0,5,8,7,17,0,168,2,84,9.88,51,0,0,7,0,22000000
Mumbai Indians,BCJ Cutting,2019,3,3,1,18,2,9,17,105.88,0,0,0,1,1,1,2,0,27,1,27,13.5,12,0,0,0,0,7500000
Sunrisers Hyderabad,Bipul Sharma,2016,7,4,2,51,2,25.5,25,204,0,0,0,1,5,6,14,0,121,3,40.33,8.64,28,0,0,2,0,2000000
Sunrisers Hyderabad,Bipul Sharma,2017,7,3,2,31,2,31,24,129.16,0,0,0,2,1,7,16.2,0,129,3,43,7.89,32.6,0,0,1,0,2000000
Kolkata Knight Riders,C de Grandhomme,2017,12,9,1,126,2,15.75,92,136.95,0,0,3,10,6,9,16,0,135,4,33.75,8.43,24,0,0,2,0,22000000
Royal Challengers Bangalore,C de Grandhomme,2018,9,8,3,131,2,26.2,84,155.95,0,0,0,4,10,7,15,0,129,2,64.5,8.6,45,0,0,3,0,22000000
Royal Challengers Bangalore,C de Grandhomme,2019,4,4,1,46,2,15.33,49,93.87,0,0,0,4,2,3,5,0,55,0,0,11,0,0,0,1,0,22000000
Kolkata Knight Riders,C Munro,2016,4,3,0,30,2,10,30,100,0,0,0,3,0,2,2,0,15,0,0,7.5,0,0,0,2,0,3000000
Delhi Daredevils,C Munro,2018,5,5,0,63,2,12.6,41,153.65,0,0,2,7,4,0,0,0,0,0,0,0,0,0,0,2,0,19000000
Delhi Capitals,C Munro,2019,4,4,0,84,2,21,70,120,0,0,0,9,4,0,0,0,0,0,0,0,0,0,0,0,0,19000000
Delhi Capitals,CA Ingram,2019,12,12,2,184,2,18.4,154,119.48,0,0,0,20,5,0,0,0,0,0,0,0,0,0,0,1,0,64000000
Kolkata Knight Riders,CA Lynn,2016,2,2,1,25,2,25,22,113.63,0,0,0,0,1,0,0,0,0,0,0,0,0,0,0,1,0,50000000
Kolkata Knight Riders,CA Lynn,2017,7,7,1,295,2,49.16,163,180.98,0,3,0,25,19,0,0,0,0,0,0,0,0,0,0,2,0,96000000
Kolkata Knight Riders,CA Lynn,2018,16,16,1,491,2,32.73,377,130.23,0,3,1,56,18,0,0,0,0,0,0,0,0,0,0,3,0,96000000
Kolkata Knight Riders,CA Lynn,2019,13,13,0,405,2,31.15,290,139.65,0,4,2,41,22,0,0,0,0,0,0,0,0,0,0,1,0,20000000
Royal Challengers Bangalore,CH Gayle,2016,10,10,0,227,2,22.7,150,151.33,0,2,1,17,21,4,10,0,63,2,31.5,6.3,30,0,0,4,0,20000000
Royal Challengers Bangalore,CH Gayle,2017,9,9,0,200,2,22.22,163,122.69,0,1,2,15,14,0,0,0,0,0,0,0,0,0,0,2,0,20000000
Kings XI Punjab,CH Gayle,2018,11,11,2,368,2,40.88,252,146.03,1,3,1,30,27,0,0,0,0,0,0,0,0,0,0,2,0,20000000
Kings XI Punjab,CH Gayle,2019,13,13,1,490,2,40.83,319,153.6,0,4,0,45,34,0,0,0,0,0,0,0,0,0,0,0,0,20000000
Delhi Daredevils,CH Morris,2016,12,7,4,195,2,65,109,178.89,0,1,1,15,12,12,44,0,308,13,23.69,7,20.3,0,0,8,0,80000000
Delhi Daredevils,CH Morris,2017,9,9,4,154,2,30.8,94,163.82,0,1,0,15,6,9,31,0,240,12,20,7.74,15.5,1,0,5,0,90000000
Delhi Daredevils,CH Morris,2018,4,4,3,46,2,46,26,176.92,0,0,0,3,2,4,14,0,143,3,47.66,10.21,28,0,0,2,0,100000000
Delhi Capitals,CH Morris,2019,9,6,0,32,2,5.33,37,86.48,0,0,3,1,2,9,33,0,306,13,23.53,9.27,15.2,0,0,4,0,100000000
Delhi Daredevils,CJ Anderson,2017,11,11,4,142,2,20.28,123,115.44,0,0,1,8,9,8,18.5,0,186,3,62,9.87,37.6,0,0,5,0,10000000
Royal Challengers Bangalore,CJ Anderson,2018,3,3,0,17,2,5.66,22,77.27,0,0,1,0,1,3,8.4,0,115,3,38.33,13.26,17.3,0,0,0,0,10000000
Delhi Daredevils,CJ Dala,2018,1,0,0,0,2,0,0,0,0,0,0,0,0,1,3,0,34,0,0,11.33,0,0,0,0,0,1000000
Royal Challengers Bangalore,CJ Jordan,2016,9,1,0,3,2,3,4,75,0,0,0,0,0,9,28,0,258,11,23.45,9.21,15.2,1,0,4,0,5000000
Sunrisers Hyderabad,CJ Jordan,2017,1,1,0,0,2,0,1,0,0,0,1,0,0,1,1,0,9,1,9,9,6,0,0,0,0,10000000
Sunrisers Hyderabad,CJ Jordan,2018,1,0,0,0,2,0,0,0,0,0,0,0,0,1,4,0,31,0,0,7.75,0,0,0,0,0,30000000
Delhi Daredevils,CR Brathwaite,2016,8,6,0,83,2,13.83,38,218.42,0,0,0,6,8,8,23.1,0,189,7,27,8.15,19.8,0,0,3,0,42000000
Delhi Daredevils,CR Brathwaite,2017,2,2,0,12,2,6,15,80,0,0,0,2,0,2,6,0,67,1,67,11.16,36,0,0,0,0,20000000
Sunrisers Hyderabad,CR Brathwaite,2018,4,4,1,75,2,25,48,156.25,0,0,0,1,8,4,10.1,0,94,5,18.8,9.24,12.2,0,0,2,0,50000000
Kolkata Knight Riders,CR Brathwaite,2019,2,2,0,11,2,5.5,10,110,0,0,0,1,0,2,3,0,29,0,0,9.66,0,0,0,0,0,50000000
Kolkata Knight Riders,CR Woakes,2017,13,7,3,46,2,11.5,47,97.87,0,0,0,4,1,13,44,0,386,17,22.7,8.77,15.5,0,0,6,0,74000000
Royal Challengers Bangalore,CR Woakes,2018,5,4,2,17,2,8.5,19,89.47,0,0,0,1,1,5,18.2,0,190,8,23.75,10.36,13.7,0,0,1,0,15000000
Kings XI Punjab,CV Varun,2019,1,0,0,0,2,0,0,0,0,0,0,0,0,1,3,0,35,1,35,11.66,18,0,0,0,0,1000000
Royal Challengers Bangalore,D Wiese,2016,1,1,1,5,2,0,4,125,0,0,0,0,0,1,4,0,49,0,0,12.25,0,0,0,1,0,25000000
Kings XI Punjab,DA Miller,2016,14,13,3,161,2,16.1,131,122.9,0,0,1,11,4,0,0,0,0,0,0,0,0,0,0,10,0,30000000
Kings XI Punjab,DA Miller,2017,5,4,1,83,2,27.66,80,103.75,0,0,0,4,4,0,0,0,0,0,0,0,0,0,0,2,0,30000000
Kings XI Punjab,DA Miller,2018,3,3,1,74,2,37,64,115.62,0,0,0,3,2,0,0,0,0,0,0,0,0,0,0,0,0,30000000
Kings XI Punjab,DA Miller,2019,10,10,2,213,2,26.62,164,129.87,0,1,0,19,7,0,0,0,0,0,0,0,0,0,0,7,0,7500000
Sunrisers Hyderabad,DA Warner,2016,17,17,3,848,2,60.57,560,151.42,0,9,1,88,31,0,0,0,0,0,0,0,0,0,0,4,0,60000000
Sunrisers Hyderabad,DA Warner,2017,14,14,3,641,2,58.27,452,141.81,1,4,0,63,26,0,0,0,0,0,0,0,0,0,0,10,0,60000000
Sunrisers Hyderabad,DA Warner,2019,12,12,2,692,2,69.2,481,143.86,1,8,0,57,21,0,0,0,0,0,0,0,0,0,0,2,0,60000000
Gujarat Lions,DJ Bravo,2016,15,13,5,99,2,12.37,82,120.73,0,0,1,11,1,15,56,0,494,17,29.05,8.82,19.7,1,0,6,0,64000000
Chennai Super Kings,DJ Bravo,2018,16,10,6,141,2,35.25,91,154.94,0,1,1,8,10,16,53.3,1,533,14,38.07,9.96,22.9,0,0,9,0,50000000
Chennai Super Kings,DJ Bravo,2019,12,9,4,80,2,16,66,121.21,0,0,0,6,3,12,41.1,0,330,11,30,8.01,22.4,0,0,5,0,4000000
Sunrisers Hyderabad,DJ Hooda,2016,17,15,1,144,2,10.28,121,119,0,0,0,9,5,6,13,0,97,3,32.33,7.46,26,0,0,3,0,42000000
Sunrisers Hyderabad,DJ Hooda,2017,10,6,3,78,2,26,52,150,0,0,0,5,4,3,4,0,42,2,21,10.5,12,0,0,5,0,36000000
Sunrisers Hyderabad,DJ Hooda,2018,9,8,4,87,2,21.75,81,107.4,0,0,0,2,3,2,3,0,24,0,0,8,0,0,0,3,0,20000000
Sunrisers Hyderabad,DJ Hooda,2019,11,7,1,64,2,10.66,63,101.58,0,0,1,5,1,2,2,0,21,1,21,10.5,12,0,0,10,0,5000000
Chennai Super Kings,DJ Willey,2018,3,0,0,0,2,0,0,0,0,0,0,0,0,3,10,0,95,2,47.5,9.5,30,0,0,2,0,10000000
Rajasthan Royals,DJM Short,2018,7,7,0,115,2,16.42,99,116.16,0,0,0,11,5,2,3,0,19,1,19,6.33,18,0,0,2,0,40000000
Rising Pune Supergiants,DL Chahar,2016,2,0,0,0,2,0,0,0,0,0,0,0,0,2,5,0,41,0,0,8.2,0,0,0,1,0,1000000
Rising Pune Supergiant,DL Chahar,2017,3,1,0,14,2,14,6,233.33,0,0,0,0,2,3,7,0,74,1,74,10.57,42,0,0,0,0,8000000
Chennai Super Kings,DL Chahar,2018,12,4,1,50,2,16.66,29,172.41,0,0,1,1,4,12,38.1,1,278,10,27.8,7.28,22.9,0,0,1,0,20000000
Chennai Super Kings,DL Chahar,2019,17,2,0,7,2,3.5,9,77.77,0,0,1,1,0,17,64.3,2,482,22,21.9,7.47,17.5,0,0,2,0,40000000
Kolkata Knight Riders,DM Bravo,2017,1,1,1,6,2,0,5,120,0,0,0,1,0,0,0,0,0,0,0,0,0,0,0,0,0,5000000
Chennai Super Kings,DR Shorey,2018,1,1,0,8,2,8,9,88.88,0,0,0,0,1,0,0,0,0,0,0,0,0,0,0,0,0,2000000
Chennai Super Kings,DR Shorey,2019,1,1,0,5,2,5,8,62.5,0,0,0,0,0,0,0,0,0,0,0,0,0,0,0,0,0,2000000
Gujarat Lions,DR Smith,2016,12,12,1,324,2,29.45,221,146.6,0,3,1,35,16,8,18,0,153,8,19.12,8.5,13.5,1,0,7,0,23000000
Gujarat Lions,DR Smith,2017,12,12,1,239,2,21.72,156,153.2,0,2,2,32,8,9,13,0,148,2,74,11.38,39,0,0,3,0,23000000
Gujarat Lions,DS Kulkarni,2016,14,5,3,27,2,13.5,16,168.75,0,0,0,3,0,14,49,4,364,18,20.22,7.42,16.3,1,0,2,0,20000000
Gujarat Lions,DS Kulkarni,2017,6,1,0,1,2,1,2,50,0,0,0,0,0,6,18.5,0,173,3,57.66,9.18,37.6,0,0,1,0,20000000
Rajasthan Royals,DS Kulkarni,2018,8,2,1,6,2,6,7,85.71,0,0,0,0,0,8,19.5,0,188,4,47,9.47,29.7,0,0,1,0,7500000
Rajasthan Royals,DS Kulkarni,2019,10,1,1,5,2,0,3,166.66,0,0,0,1,0,10,35,1,335,6,55.83,9.57,35,0,0,5,0,7500000
Rising Pune Supergiant,DT Christian,2017,13,9,4,79,2,15.8,49,161.22,0,0,0,5,5,13,40,0,298,11,27.09,7.45,21.8,0,0,6,0,10000000
Delhi Daredevils,DT Christian,2018,4,3,1,26,2,13,33,78.78,0,0,0,0,1,4,11.5,0,101,4,25.25,8.53,17.7,0,0,0,0,15000000
Gujarat Lions,DW Steyn,2016,1,1,0,1,2,1,2,50,0,0,0,0,0,1,2,0,17,0,0,8.5,0,0,0,0,0,23000000
Royal Challengers Bangalore,DW Steyn,2019,2,1,1,0,2,0,0,0,0,0,0,0,0,2,8,0,69,4,17.25,8.62,12,0,0,0,0,20000000
Mumbai Indians,E Lewis,2018,13,13,0,382,2,29.38,276,138.4,0,2,2,32,24,0,0,0,0,0,0,0,0,0,0,3,0,38000000
Mumbai Indians,E Lewis,2019,3,3,0,48,2,16,52,92.3,0,0,0,4,2,0,0,0,0,0,0,0,0,0,0,3,0,20000000
Sunrisers Hyderabad,EJG Morgan,2016,7,6,1,123,2,24.6,105,117.14,0,1,1,8,4,0,0,0,0,0,0,0,0,0,0,3,0,20000000
Kings XI Punjab,EJG Morgan,2017,4,4,0,65,2,16.25,62,104.83,0,0,0,6,2,0,0,0,0,0,0,0,0,0,0,3,0,30000000
Gujarat Lions,ER Dwivedi,2016,4,2,0,24,2,12,14,171.42,0,0,0,2,2,0,0,0,0,0,0,0,0,0,0,2,0,7500000
Kings XI Punjab,F Behardien,2016,3,3,1,14,2,7,13,107.69,0,0,1,2,0,0,0,0,0,0,0,0,0,0,0,1,0,3000000
Rising Pune Supergiants,F du Plessis,2016,6,6,0,206,2,34.33,162,127.16,0,2,0,17,9,0,0,0,0,0,0,0,0,0,0,4,0,47500000
Rising Pune Supergiant,F du Plessis,2017,2,1,0,8,2,8,7,114.28,0,0,0,1,0,0,0,0,0,0,0,0,0,0,0,0,0,16000000
Chennai Super Kings,F du Plessis,2018,6,6,1,162,2,32.4,129,125.58,0,1,0,17,6,0,0,0,0,0,0,0,0,0,0,1,0,30000000
Chennai Super Kings,F du Plessis,2019,12,12,1,396,2,36,321,123.36,0,3,0,36,15,0,0,0,0,0,0,0,0,0,0,12,0,50000000
Kolkata Knight Riders,G Gambhir,2016,15,15,2,501,2,38.53,411,121.89,0,5,1,54,6,0,0,0,0,0,0,0,0,0,0,1,0,28000000
Kolkata Knight Riders,G Gambhir,2017,16,16,4,498,2,41.5,389,128.02,0,4,0,62,7,0,0,0,0,0,0,0,0,0,0,6,0,28000000
Delhi Daredevils,G Gambhir,2018,6,5,0,85,2,17,88,96.59,0,1,0,8,1,0,0,0,0,0,0,0,0,0,0,1,0,28000000
Kolkata Knight Riders,GB Hogg,2016,5,1,1,0,2,0,0,0,0,0,0,0,0,5,16,1,142,4,35.5,8.87,24,0,0,3,0,5000000
Kings XI Punjab,GC Viljoen,2019,6,3,1,3,2,1.5,7,42.85,0,0,1,0,0,6,23,0,222,7,31.71,9.65,19.7,0,0,0,0,7500000
Delhi Capitals,GH Vihari,2019,2,2,0,4,2,2,8,50,0,0,0,0,0,1,1,0,9,0,0,9,0,0,0,0,0,20000000
Rising Pune Supergiants,GJ Bailey,2016,6,5,1,84,2,21,98,85.71,0,0,1,9,2,0,0,0,0,0,0,0,0,0,0,2,0,32500000
Kings XI Punjab,GJ Maxwell,2016,11,11,2,179,2,19.88,124,144.35,0,2,3,14,8,7,9,0,80,0,0,8.88,0,0,0,3,0,70000000
Kings XI Punjab,GJ Maxwell,2017,14,13,3,310,2,31,179,173.18,0,0,3,19,26,8,19,0,125,7,17.85,6.57,16.2,0,0,7,0,90000000
Delhi Daredevils,GJ Maxwell,2018,12,12,0,169,2,14.08,120,140.83,0,0,0,14,9,10,16,0,132,5,26.4,8.25,19.2,0,0,4,0,107500000
Kings XI Punjab,Gurkeerat Singh,2016,7,6,1,113,2,22.6,86,131.39,0,1,1,11,3,3,4,0,31,2,15.5,7.75,12,0,0,5,0,7500000
Kings XI Punjab,Gurkeerat Singh,2017,2,0,0,0,2,0,0,0,0,0,0,0,0,0,0,0,0,0,0,0,0,0,0,1,0,5000000
Royal Challengers Bangalore,Gurkeerat Singh,2019,3,3,0,98,2,32.66,70,140,0,1,0,11,2,0,0,0,0,0,0,0,0,0,0,1,0,5000000
Rajasthan Royals,H Klaasen,2018,4,4,1,57,2,19,47,121.27,0,0,1,5,1,0,0,0,0,0,0,0,0,0,0,3,4,5000000
Royal Challengers Bangalore,H Klaasen,2019,3,2,0,9,2,4.5,10,90,0,0,0,0,0,0,0,0,0,0,0,0,0,0,0,0,0,5000000
Mumbai Indians,Harbhajan Singh,2016,14,7,4,92,2,30.66,84,109.52,0,0,1,11,2,14,49,0,392,9,43.55,8,32.6,0,0,4,0,20000000
Mumbai Indians,Harbhajan Singh,2017,11,7,5,16,2,8,16,100,0,0,1,0,1,11,41,0,266,8,33.25,6.48,30.7,0,0,2,0,20000000
Chennai Super Kings,Harbhajan Singh,2018,13,3,0,29,2,9.66,36,80.55,0,0,0,3,1,12,31.5,0,270,7,38.57,8.48,27.2,0,0,4,0,20000000
Chennai Super Kings,Harbhajan Singh,2019,11,1,0,1,2,1,3,33.33,0,0,0,0,0,11,44,1,312,16,19.5,7.09,16.5,0,0,4,0,20000000
Kings XI Punjab,Harpreet Brar,2019,2,1,1,20,2,0,12,166.66,0,0,0,2,1,2,5,0,48,0,0,9.6,0,0,0,0,0,2000000
Kolkata Knight Riders,HF Gurney,2019,8,1,1,1,2,0,5,20,0,0,0,0,0,8,27,0,238,7,34,8.81,23.1,0,0,0,0,7500000
Mumbai Indians,HH Pandya,2016,11,9,2,44,2,6.28,63,69.84,0,0,0,4,0,10,16.4,0,153,3,51,9.18,33.3,0,0,6,0,20000000
Mumbai Indians,HH Pandya,2017,17,16,9,250,2,35.71,160,156.25,0,0,0,11,20,13,26,0,213,6,35.5,8.19,26,0,0,12,0,40000000
Mumbai Indians,HH Pandya,2018,13,13,4,260,2,28.88,195,133.33,0,1,0,20,11,13,42.4,0,381,18,21.16,8.92,14.2,0,0,8,0,60000000
Mumbai Indians,HH Pandya,2019,16,15,6,402,2,44.66,210,191.42,0,1,1,28,29,16,42.3,0,390,14,27.85,9.17,18.2,0,0,11,0,80000000
Kings XI Punjab,HM Amla,2016,6,6,0,157,2,26.16,119,131.93,0,1,1,20,4,0,0,0,0,0,0,0,0,0,0,0,0,20000000
Kings XI Punjab,HM Amla,2017,10,10,3,420,2,60,288,145.83,2,2,1,40,17,0,0,0,0,0,0,0,0,0,0,0,0,20000000
Royal Challengers Bangalore,HV Patel,2016,5,1,1,0,2,0,0,0,0,0,0,0,0,5,14,0,147,1,147,10.5,84,0,0,2,0,2000000
Royal Challengers Bangalore,HV Patel,2017,1,0,0,0,2,0,0,0,0,0,0,0,0,1,4,0,43,3,14.33,10.75,8,0,0,0,0,2000000
Delhi Daredevils,HV Patel,2018,5,2,1,60,2,60,33,181.81,0,0,0,1,6,5,17.3,0,167,7,23.85,9.54,15,0,0,0,0,10000000
Delhi Capitals,HV Patel,2019,2,2,1,0,2,0,2,0,0,0,1,0,0,2,8,0,77,2,38.5,9.62,24,0,0,0,0,20000000
Rising Pune Supergiants,I Sharma,2016,4,1,1,0,2,0,0,0,0,0,0,0,0,4,15,0,148,3,49.33,9.86,30,0,0,2,0,38000000
Kings XI Punjab,I Sharma,2017,6,3,1,8,2,4,12,66.66,0,0,0,1,0,6,18,0,179,0,0,9.94,0,0,0,0,0,25000000
Delhi Capitals,I Sharma,2019,13,3,3,10,2,0,3,333.33,0,0,0,1,1,13,46,1,349,13,26.84,7.58,21.2,0,0,1,0,11000000
Rising Pune Supergiants,IK Pathan,2016,4,3,0,11,2,3.66,13,84.61,0,0,0,0,0,3,8,0,61,0,0,7.62,0,0,0,1,0,10000000
Gujarat Lions,IK Pathan,2017,1,1,0,2,2,2,3,66.66,0,0,0,0,0,1,2,0,26,0,0,13,0,0,0,0,0,10000000
Delhi Daredevils,Imran Tahir,2016,4,1,0,5,2,5,7,71.42,0,0,0,1,0,4,16,0,138,5,27.6,8.62,19.2,0,0,0,0,10000000
Rising Pune Supergiant,Imran Tahir,2017,12,1,1,0,2,0,2,0,0,0,0,0,0,12,47,0,369,18,20.5,7.85,15.6,0,0,2,0,10000000
Chennai Super Kings,Imran Tahir,2018,6,1,1,2,2,0,2,100,0,0,0,0,0,6,20.4,0,188,6,31.33,9.09,20.6,0,0,2,0,10000000
Chennai Super Kings,Imran Tahir,2019,17,1,1,0,2,0,0,0,0,0,0,0,0,17,64.2,1,431,26,16.57,6.69,14.8,2,0,6,0,20000000
Royal Challengers Bangalore,Iqbal Abdulla,2016,8,2,2,37,2,0,27,137.03,0,0,0,4,1,8,25,0,213,6,35.5,8.52,25,0,0,4,0,1000000
Royal Challengers Bangalore,Iqbal Abdulla,2017,2,1,1,5,2,0,7,71.42,0,0,0,0,0,2,5,0,55,2,27.5,11,15,0,0,0,0,2000000
Kolkata Knight Riders,IR Jaggi,2017,2,2,1,33,2,33,39,84.61,0,0,0,3,0,0,0,0,0,0,0,0,0,0,0,0,0,1000000
Rajasthan Royals,IS Sodhi,2018,6,1,0,1,2,1,6,16.66,0,0,0,0,0,6,23,0,135,5,27,5.86,27.6,0,0,0,0,2000000
Rajasthan Royals,IS Sodhi,2019,2,1,0,6,2,6,11,54.54,0,0,0,0,0,2,7.1,1,67,4,16.75,9.34,10.7,0,0,0,0,2000000
Gujarat Lions,Ishan Kishan,2016,5,5,0,42,2,8.4,41,102.43,0,0,1,5,0,0,0,0,0,0,0,0,0,0,0,1,0,3500000
Gujarat Lions,Ishan Kishan,2017,11,10,0,277,2,27.7,206,134.46,0,1,0,29,13,0,0,0,0,0,0,0,0,0,0,3,0,40000000
Mumbai Indians,Ishan Kishan,2018,14,12,0,275,2,22.91,184,149.45,0,2,3,22,17,0,0,0,0,0,0,0,0,0,0,9,2,62000000
Mumbai Indians,Ishan Kishan,2019,7,6,0,101,2,16.83,100,101,0,0,0,8,4,0,0,0,0,0,0,0,0,0,0,2,0,80000000
Mumbai Indians,J Suchith,2016,1,0,0,0,2,0,0,0,0,0,0,0,0,1,2,0,31,0,0,15.5,0,0,0,0,0,1000000
Delhi Capitals,J Suchith,2019,1,1,0,6,2,6,15,40,0,0,0,0,0,1,4,0,28,2,14,7,12,0,0,0,0,3000000
Delhi Daredevils,J Yadav,2016,5,2,0,6,2,3,10,60,0,0,0,0,0,5,17,0,125,2,62.5,7.35,51,0,0,1,0,2000000
Delhi Daredevils,J Yadav,2017,2,0,0,0,2,0,0,0,0,0,0,0,0,2,6,0,42,0,0,7,0,0,0,0,0,5000000
Mumbai Indians,J Yadav,2019,2,0,0,0,2,0,0,0,0,0,0,0,0,2,7,0,50,1,50,7.14,42,0,0,2,0,10000000
Rising Pune Supergiants,JA Morkel,2016,2,1,0,16,2,16,9,177.77,0,0,0,0,2,2,5,0,66,2,33,13.2,15,0,0,1,0,10000000
Rajasthan Royals,JC Archer,2018,10,8,3,15,2,3,21,71.42,0,0,3,2,0,10,38.5,0,325,15,21.66,8.36,15.5,0,0,1,0,72000000
Rajasthan Royals,JC Archer,2019,11,5,3,67,2,33.5,40,167.5,0,0,0,4,4,11,43,2,291,11,26.45,6.76,23.4,0,0,3,0,80000000
Mumbai Indians,JC Buttler,2016,14,14,3,255,2,23.18,184,138.58,0,0,1,23,11,0,0,0,0,0,0,0,0,0,0,7,0,38000000
Mumbai Indians,JC Buttler,2017,10,10,0,272,2,27.2,177,153.67,0,1,0,27,15,0,0,0,0,0,0,0,0,0,0,1,0,40000000
Rajasthan Royals,JC Buttler,2018,13,13,3,548,2,54.8,353,155.24,0,5,0,52,21,0,0,0,0,0,0,0,0,0,0,9,1,44000000
Rajasthan Royals,JC Buttler,2019,8,8,0,311,2,38.87,205,151.7,0,3,0,38,14,0,0,0,0,0,0,0,0,0,0,8,0,46000000
Kolkata Knight Riders,JD Unadkat,2016,1,0,0,0,2,0,0,0,0,0,0,0,0,1,3,0,49,0,0,16.33,0,0,0,0,0,3000000
Rising Pune Supergiant,JD Unadkat,2017,12,2,2,2,2,0,5,40,0,0,0,0,0,12,45.5,3,322,24,13.41,7.02,11.4,0,1,9,0,115000000
Rajasthan Royals,JD Unadkat,2018,15,7,3,49,2,12.25,38,128.94,0,0,1,6,1,15,50.2,0,486,11,44.18,9.65,27.4,0,0,6,0,84000000
Rajasthan Royals,JD Unadkat,2019,11,4,3,1,2,1,3,33.33,0,0,0,0,0,11,37.2,0,398,10,39.8,10.66,22.4,0,0,3,0,30000000
Mumbai Indians,JJ Bumrah,2016,14,2,1,8,2,8,11,72.72,0,0,0,1,0,14,52,0,406,15,27.06,7.8,20.8,0,0,1,0,80000000
Mumbai Indians,JJ Bumrah,2017,16,2,1,16,2,16,12,133.33,0,0,1,0,1,16,59.2,2,440,20,22,7.41,17.8,0,0,2,0,90000000
Mumbai Indians,JJ Bumrah,2018,14,3,2,10,2,10,11,90.9,0,0,1,1,0,14,54,0,372,17,21.88,6.88,19,0,0,4,0,100000000
Mumbai Indians,JJ Bumrah,2019,16,2,2,0,2,0,1,0,0,0,0,0,0,16,61.4,1,409,19,21.52,6.63,19.4,0,0,2,0,120000000
Gujarat Lions,JJ Roy,2017,3,3,1,59,2,29.5,40,147.5,0,0,0,9,1,0,0,0,0,0,0,0,0,0,0,1,0,15000000
Delhi Daredevils,JJ Roy,2018,5,5,1,120,2,30,94,127.65,0,1,0,9,7,0,0,0,0,0,0,0,0,0,0,4,0,15000000
Kolkata Knight Riders,JL Denly,2019,1,1,0,0,2,0,1,0,0,0,1,0,0,0,0,0,0,0,0,0,0,0,0,0,0,10000000
Sunrisers Hyderabad,JM Bairstow,2019,10,10,2,445,2,55.62,283,157.24,1,2,1,48,18,0,0,0,0,0,0,0,0,0,0,9,2,22000000
Kolkata Knight Riders,JO Holder,2016,4,4,0,22,2,5.5,19,115.78,0,0,1,2,1,4,13,0,103,2,51.5,7.92,39,0,0,0,0,7000000
Mumbai Indians,JP Behrendorff,2019,5,0,0,0,2,0,0,0,0,0,0,0,0,5,19,0,165,5,33,8.68,22.8,0,0,0,0,10000000
Delhi Daredevils,JP Duminy,2016,10,8,3,191,2,38.2,156,122.43,0,0,0,13,3,5,7,0,55,2,27.5,7.85,21,0,0,3,0,10000000
Mumbai Indians,JP Duminy,2018,6,4,3,36,2,36,40,90,0,0,0,3,1,2,3,0,36,0,0,12,0,0,0,2,0,10000000
Gujarat Lions,JP Faulkner,2016,7,5,2,77,2,25.66,59,130.5,0,0,0,7,0,7,17,0,167,2,83.5,9.82,51,0,0,3,0,20000000
Gujarat Lions,JP Faulkner,2017,8,6,2,54,2,13.5,57,94.73,0,0,0,4,0,8,26.2,0,258,6,43,9.79,26.3,0,0,3,0,20000000
Kolkata Knight Riders,JPR Scantlebury0Searles,2018,4,2,1,8,2,8,6,133.33,0,0,0,0,1,3,7,0,89,2,44.5,12.71,21,0,0,4,0,10000000
Kolkata Knight Riders,JW Hastings,2016,2,0,0,0,2,0,0,0,0,0,0,0,0,2,6.4,1,37,2,18.5,5.55,20,0,0,0,0,13000000
Rajasthan Royals,K Gowtham,2018,15,13,4,126,2,14,64,196.87,0,0,1,9,9,15,40,0,312,11,28.36,7.8,21.8,0,0,10,0,62000000
Rajasthan Royals,K Gowtham,2019,7,4,1,18,2,6,19,94.73,0,0,0,1,1,7,20,0,166,1,166,8.3,120,0,0,0,0,92500000
Royal Challengers Bangalore,K Khejroliya,2018,3,0,0,0,2,0,0,0,0,0,0,0,0,3,10.5,0,107,2,53.5,9.87,32.5,0,0,0,0,8500000
Royal Challengers Bangalore,K Khejroliya,2019,2,0,0,0,2,0,0,0,0,0,0,0,0,2,5,0,46,1,46,9.2,30,0,0,0,0,10000000
Delhi Daredevils,K Rabada,2017,6,3,0,55,2,18.33,64,85.93,0,0,1,5,1,6,21.2,0,188,6,31.33,8.81,21.3,0,0,0,0,42000000
Delhi Capitals,K Rabada,2019,12,4,1,14,2,4.66,15,93.33,0,0,1,0,1,12,47,0,368,25,14.72,7.82,11.2,2,0,6,0,92500000
Mumbai Indians,KA Pollard,2016,13,12,4,207,2,25.87,144,143.75,0,1,0,11,16,4,6,0,81,0,0,13.5,0,0,0,5,0,50000000
Mumbai Indians,KA Pollard,2017,17,16,3,385,2,29.61,276,139.49,0,3,0,26,22,1,1.5,0,30,0,0,16.36,0,0,0,15,0,50000000
Mumbai Indians,KA Pollard,2018,9,8,1,133,2,19,100,133,0,1,1,10,7,0,0,0,0,0,0,0,0,0,0,4,0,54000000
Mumbai Indians,KA Pollard,2019,16,14,6,279,2,34.87,178,156.74,0,1,0,14,22,0,0,0,0,0,0,0,0,0,0,8,0,60000000
Kings XI Punjab,KC Cariappa,2016,5,2,1,13,2,13,11,118.18,0,0,0,0,1,5,17,0,159,3,53,9.35,34,0,0,2,0,8000000
Kings XI Punjab,KC Cariappa,2017,4,2,0,2,2,1,7,28.57,0,0,0,0,0,4,15,0,127,4,31.75,8.46,22.5,0,0,1,0,5000000
Kolkata Knight Riders,KC Cariappa,2019,1,1,1,9,2,0,3,300,0,0,0,0,1,1,2,0,34,0,0,17,0,0,0,0,0,5000000
Gujarat Lions,KD Karthik,2016,16,15,2,335,2,25.76,266,125.93,0,3,1,38,3,0,0,0,0,0,0,0,0,0,0,11,3,23000000
Gujarat Lions,KD Karthik,2017,14,13,3,361,2,36.1,259,139.38,0,2,1,30,11,0,0,0,0,0,0,0,0,0,0,8,0,25000000
Kolkata Knight Riders,KD Karthik,2018,16,16,6,498,2,49.8,337,147.77,0,2,0,49,16,0,0,0,0,0,0,0,0,0,0,14,4,74000000
Kolkata Knight Riders,KD Karthik,2019,14,13,5,253,2,31.62,173,146.24,0,2,0,22,14,0,0,0,0,0,0,0,0,0,0,7,0,55000000
Mumbai Indians,KH Pandya,2016,12,9,3,237,2,39.5,124,191.12,0,1,0,22,13,11,31.1,0,236,6,39.33,7.57,31.1,0,0,2,0,20000000
Mumbai Indians,KH Pandya,2017,13,11,4,243,2,34.71,179,135.75,0,0,0,24,7,13,40,0,273,10,27.3,6.82,24,0,0,2,0,40000000
Mumbai Indians,KH Pandya,2018,14,13,3,228,2,22.8,157,145.22,0,0,0,22,10,13,40.1,0,284,12,23.66,7.07,20,0,0,9,0,88000000
Mumbai Indians,KH Pandya,2019,16,15,4,183,2,16.63,150,122,0,0,1,18,5,16,46,0,335,12,27.91,7.28,23,0,0,5,0,82500000
Kings XI Punjab,KJ Abbott,2016,5,3,2,13,2,13,8,162.5,0,0,1,0,1,5,16,0,177,2,88.5,11.06,48,0,0,0,0,21000000
Sunrisers Hyderabad,KK Ahmed,2018,1,0,0,0,2,0,0,0,0,0,0,0,0,1,3,0,38,0,0,12.66,0,0,0,0,0,30000000
Sunrisers Hyderabad,KK Ahmed,2019,9,1,0,0,2,0,1,0,0,0,1,0,0,9,34.5,0,287,19,15.1,8.23,11,0,0,0,0,52500000
Delhi Daredevils,KK Nair,2016,14,12,2,357,2,35.7,297,120.2,0,3,0,40,6,0,0,0,0,0,0,0,0,0,0,3,0,40000000
Delhi Daredevils,KK Nair,2017,14,13,0,281,2,21.61,226,124.33,0,1,1,39,6,0,0,0,0,0,0,0,0,0,0,2,0,56000000
Kings XI Punjab,KK Nair,2018,13,12,0,301,2,25.08,221,136.19,0,2,0,23,13,0,0,0,0,0,0,0,0,0,0,9,0,56000000
Kings XI Punjab,KK Nair,2019,1,1,0,5,2,5,6,83.33,0,0,0,0,0,0,0,0,0,0,0,0,0,0,0,0,0,5000000
Royal Challengers Bangalore,KL Rahul,2016,14,12,3,397,2,44.11,271,146.49,0,4,1,37,16,0,0,0,0,0,0,0,0,0,0,5,4,80000000
Kings XI Punjab,KL Rahul,2018,14,14,2,659,2,54.91,416,158.41,0,6,0,66,32,0,0,0,0,0,0,0,0,0,0,10,1,110000000
Kings XI Punjab,KL Rahul,2019,14,14,3,593,2,53.9,438,135.38,1,6,0,49,25,0,0,0,0,0,0,0,0,0,0,7,0,120000000
Chennai Super Kings,KM Asif,2018,2,0,0,0,2,0,0,0,0,0,0,0,0,2,6,0,75,3,25,12.5,12,0,0,0,0,4000000
Royal Challengers Bangalore,KM Jadhav,2016,4,3,3,42,2,0,32,131.25,0,0,0,2,2,0,0,0,0,0,0,0,0,0,0,1,0,40000000
Royal Challengers Bangalore,KM Jadhav,2017,13,13,1,267,2,22.25,186,143.54,0,1,0,25,10,0,0,0,0,0,0,0,0,0,0,7,3,60000000
Chennai Super Kings,KM Jadhav,2018,1,1,1,24,2,0,22,109.09,0,0,0,1,2,0,0,0,0,0,0,0,0,0,0,0,0,78000000
Chennai Super Kings,KM Jadhav,2019,14,12,3,162,2,18,169,95.85,0,1,1,19,3,0,0,0,0,0,0,0,0,0,0,4,0,50000000
Delhi Capitals,KMA Paul,2019,8,6,1,18,2,3.6,24,75,0,0,2,1,1,8,27.1,0,237,9,26.33,8.72,18.1,0,0,5,0,5000000
Rising Pune Supergiants,KP Pietersen,2016,4,4,2,73,2,36.5,61,119.67,0,0,0,4,3,0,0,0,0,0,0,0,0,0,0,1,0,35000000
Sunrisers Hyderabad,KS Williamson,2016,6,6,0,124,2,20.66,122,101.63,0,1,0,14,0,1,1,0,7,0,0,7,0,0,0,5,0,20000000
Sunrisers Hyderabad,KS Williamson,2017,7,7,1,256,2,42.66,169,151.47,0,2,0,20,10,0,0,0,0,0,0,0,0,0,0,1,0,30000000
Sunrisers Hyderabad,KS Williamson,2018,17,17,3,735,2,52.5,516,142.44,0,8,1,63,28,0,0,0,0,0,0,0,0,0,0,6,0,50000000
Sunrisers Hyderabad,KS Williamson,2019,9,9,2,156,2,22.28,130,120,0,1,0,12,5,0,0,0,0,0,0,0,0,0,0,2,0,60000000
Kolkata Knight Riders,Kuldeep Yadav,2016,3,0,0,0,2,0,0,0,0,0,0,0,0,3,12,0,100,6,16.66,8.33,12,0,0,1,0,40000000
Kolkata Knight Riders,Kuldeep Yadav,2017,12,2,0,20,2,10,22,90.9,0,0,0,2,0,11,41,0,340,12,28.33,8.29,20.5,0,0,1,0,50000000
Kolkata Knight Riders,Kuldeep Yadav,2018,16,3,2,12,2,12,24,50,0,0,0,1,0,16,51.2,0,418,17,24.58,8.14,18.1,1,0,6,0,58000000
Kolkata Knight Riders,Kuldeep Yadav,2019,9,4,2,12,2,6,8,150,0,0,2,1,0,9,33,0,286,4,71.5,8.66,49.5,0,0,3,0,20000000
Sunrisers Hyderabad,KV Sharma,2016,5,3,3,36,2,0,30,120,0,0,0,3,1,5,16.2,0,171,0,0,10.46,0,0,0,0,0,32000000
Mumbai Indians,KV Sharma,2017,9,6,0,49,2,8.16,41,119.51,0,0,0,5,2,9,30.4,0,214,13,16.46,6.97,14.1,1,0,3,0,50000000
Chennai Super Kings,KV Sharma,2018,6,1,1,0,2,0,0,0,0,0,0,0,0,5,9.3,0,89,4,22.25,9.36,14.2,0,0,3,0,50000000
Chennai Super Kings,KV Sharma,2019,1,0,0,0,2,0,0,0,0,0,0,0,0,1,2.5,0,33,1,33,11.64,17,0,0,0,0,10000000
Royal Challengers Bangalore,KW Richardson,2016,4,1,1,1,2,0,1,100,0,0,0,0,0,4,14,0,136,7,19.42,9.71,12,0,0,2,0,20000000
Chennai Super Kings,L Ngidi,2018,7,0,0,0,2,0,0,0,0,0,0,0,0,7,26,2,156,11,14.18,6,14.1,1,0,1,0,5000000
Delhi Daredevils,LE Plunkett,2018,7,2,1,1,2,1,3,33.33,0,0,1,0,0,7,25,0,225,4,56.25,9,37.5,0,0,2,0,10000000
Rising Pune Supergiant,LH Ferguson,2017,4,1,1,1,2,0,1,100,0,0,0,0,0,4,13,1,93,3,31,7.15,26,0,0,0,0,5000000
Kolkata Knight Riders,LH Ferguson,2019,5,0,0,0,2,0,0,0,0,0,0,0,0,5,17,0,183,2,91.5,10.76,51,0,0,0,0,16000000
Mumbai Indians,LMP Simmons,2016,1,1,0,8,2,8,8,100,0,0,0,0,1,0,0,0,0,0,0,0,0,0,0,0,0,20000000
Mumbai Indians,LMP Simmons,2017,7,7,0,137,2,19.57,112,122.32,0,2,1,10,8,0,0,0,0,0,0,0,0,0,0,2,0,20000000
Rajasthan Royals,LS Livingstone,2019,4,4,1,70,2,23.33,48,145.83,0,0,0,6,5,1,1,0,13,0,0,13,0,0,0,4,0,7500000
Rising Pune Supergiants,M Ashwin,2016,10,1,0,0,2,0,1,0,0,0,1,0,0,10,28.3,0,241,7,34.42,8.45,24.4,0,0,0,0,10000000
Royal Challengers Bangalore,M Ashwin,2018,2,1,0,1,2,1,2,50,0,0,0,0,0,2,7,0,53,3,17.66,7.57,14,0,0,0,0,22000000
Kings XI Punjab,M Ashwin,2019,10,3,2,3,2,3,5,60,0,0,0,0,0,10,34,0,255,5,51,7.5,40.8,0,0,3,0,2000000
Mumbai Indians,M Markande,2018,14,6,4,21,2,10.5,24,87.5,0,0,0,2,0,14,44,0,368,15,24.53,8.36,17.6,1,0,3,0,2000000
Mumbai Indians,M Markande,2019,3,2,1,6,2,6,5,120,0,0,0,1,0,3,6,0,59,1,59,9.83,36,0,0,0,0,5000000
Kolkata Knight Riders,M Morkel,2016,10,2,2,1,2,0,1,100,0,0,0,0,0,10,35.3,0,297,10,29.7,8.36,21.3,0,0,0,0,28000000
Kolkata Knight Riders,M Prasidh Krishna,2018,7,2,2,1,2,0,5,20,0,0,0,0,0,7,28,0,260,10,26,9.28,16.8,1,0,1,0,50000000
Kolkata Knight Riders,M Prasidh Krishna,2019,11,1,0,0,2,0,2,0,0,0,1,0,0,11,40.2,0,377,4,94.25,9.34,60.5,0,0,2,0,80000000
Kings XI Punjab,M Vijay,2016,14,14,1,453,2,34.84,364,124.45,0,5,0,50,10,1,1,0,8,0,0,8,0,0,0,2,0,30000000
Chennai Super Kings,M Vijay,2018,1,1,0,12,2,12,10,120,0,0,0,0,1,0,0,0,0,0,0,0,0,0,0,0,0,20000000
Chennai Super Kings,M Vijay,2019,2,2,0,64,2,32,61,104.91,0,0,0,6,1,0,0,0,0,0,0,0,0,0,0,1,0,20000000
Kings XI Punjab,M Vohra,2016,7,7,0,161,2,23,131,122.9,0,1,1,19,3,0,0,0,0,0,0,0,0,0,0,3,0,15000000
Kings XI Punjab,M Vohra,2017,11,9,0,229,2,25.44,159,144.02,0,1,0,23,9,0,0,0,0,0,0,0,0,0,0,2,0,15000000
Royal Challengers Bangalore,M Vohra,2018,4,4,0,55,2,13.75,47,117.02,0,0,1,2,4,0,0,0,0,0,0,0,0,0,0,0,0,11000000
Delhi Daredevils,MA Agarwal,2016,3,3,0,27,2,9,25,108,0,0,0,3,1,0,0,0,0,0,0,0,0,0,0,0,0,15000000
Rising Pune Supergiant,MA Agarwal,2017,3,3,0,26,2,8.66,27,96.29,0,0,1,3,0,0,0,0,0,0,0,0,0,0,0,1,0,14000000
Kings XI Punjab,MA Agarwal,2018,11,11,1,120,2,12,94,127.65,0,0,1,9,5,0,0,0,0,0,0,0,0,0,0,2,0,10000000
Kings XI Punjab,MA Agarwal,2019,13,13,0,332,2,25.53,234,141.88,0,2,1,26,14,0,0,0,0,0,0,0,0,0,0,7,0,50000000
Chennai Super Kings,MA Wood,2018,1,1,0,1,2,1,3,33.33,0,0,0,0,0,1,4,0,49,0,0,12.25,0,0,0,1,0,15000000
Royal Challengers Bangalore,Mandeep Singh,2016,1,0,0,0,2,0,0,0,0,0,0,0,0,0,0,0,0,0,0,0,0,0,0,1,0,10000000
Royal Challengers Bangalore,Mandeep Singh,2017,11,10,0,188,2,18.8,177,106.21,0,1,2,21,4,0,0,0,0,0,0,0,0,0,0,6,0,14000000
Royal Challengers Bangalore,Mandeep Singh,2018,14,13,3,252,2,25.2,186,135.48,0,0,0,16,11,0,0,0,0,0,0,0,0,0,0,4,0,14000000
Kings XI Punjab,Mandeep Singh,2019,13,12,8,165,2,41.25,120,137.5,0,0,1,10,4,2,2,0,26,0,0,13,0,0,0,4,0,11000000
Sunrisers Hyderabad,MC Henriques,2016,17,15,3,182,2,15.16,158,115.18,0,0,1,15,6,17,52,0,415,12,34.58,7.98,26,0,0,11,0,10000000
Sunrisers Hyderabad,MC Henriques,2017,12,11,5,277,2,46.16,203,136.45,0,3,0,28,4,12,24,0,248,1,248,10.33,144,0,0,5,0,10000000
Kings XI Punjab,MG Johnson,2016,3,3,1,5,2,2.5,14,35.71,0,0,0,0,0,3,11,0,106,2,53,9.63,33,0,0,1,0,20000000
Mumbai Indians,MG Johnson,2017,5,3,3,20,2,0,17,117.64,0,0,0,1,1,5,20,1,141,7,20.14,7.05,17.1,0,0,1,0,20000000
Kolkata Knight Riders,MG Johnson,2018,6,2,2,16,2,0,11,145.45,0,0,0,2,0,6,21,0,216,2,108,10.28,63,0,0,2,0,20000000
Mumbai Indians,MJ Guptill,2016,3,3,0,57,2,19,55,103.63,0,0,0,3,3,0,0,0,0,0,0,0,0,0,0,0,0,5000000
Kings XI Punjab,MJ Guptill,2017,7,7,1,132,2,22,88,150,0,1,1,17,5,0,0,0,0,0,0,0,0,0,0,6,0,5000000
Sunrisers Hyderabad,MJ Guptill,2019,3,3,0,81,2,27,53,152.83,0,0,0,4,7,0,0,0,0,0,0,0,0,0,0,1,0,10000000
Kings XI Punjab,MJ Henry,2017,2,0,0,0,2,0,0,0,0,0,0,0,0,2,5,0,71,1,71,14.2,30,0,0,0,0,5000000
Mumbai Indians,MJ McClenaghan,2016,14,5,2,34,2,11.33,23,147.82,0,0,0,2,3,14,53.2,0,436,17,25.64,8.17,18.8,1,0,0,0,5000000
Mumbai Indians,MJ McClenaghan,2017,14,7,3,16,2,4,15,106.66,0,0,2,0,1,14,54,0,507,19,26.68,9.38,17,0,0,1,0,5000000
Mumbai Indians,MJ McClenaghan,2018,11,5,3,11,2,5.5,10,110,0,0,2,1,1,11,40,0,332,14,23.71,8.3,17.1,0,0,0,0,5000000
Mumbai Indians,MJ McClenaghan,2019,5,4,1,11,2,3.66,16,68.75,0,0,1,2,0,5,18,1,142,3,47.33,7.88,36,0,0,0,0,5000000
Chennai Super Kings,MJ Santner,2019,4,2,1,32,2,32,23,139.13,0,0,0,0,3,4,14,0,94,4,23.5,6.71,21,0,0,1,0,19000000
Rajasthan Royals,MK Lomror,2018,2,2,1,20,2,20,21,95.23,0,0,0,1,0,2,3,0,27,0,0,9,0,0,0,0,0,2000000
Rajasthan Royals,MK Lomror,2019,2,1,0,8,2,8,3,266.66,0,0,0,2,0,0,0,0,0,0,0,0,0,0,0,1,0,9500000
Kolkata Knight Riders,MK Pandey,2016,12,11,3,248,2,31,183,135.51,0,2,1,17,9,0,0,0,0,0,0,0,0,0,0,7,0,40000000
Kolkata Knight Riders,MK Pandey,2017,14,13,5,396,2,49.5,308,128.57,0,2,0,28,12,0,0,0,0,0,0,0,0,0,0,8,0,40000000
Sunrisers Hyderabad,MK Pandey,2018,15,13,2,284,2,25.81,246,115.44,0,3,1,22,5,0,0,0,0,0,0,0,0,0,0,9,0,110000000
Sunrisers Hyderabad,MK Pandey,2019,12,11,3,344,2,43,263,130.79,0,3,0,34,6,0,0,0,0,0,0,0,0,0,0,7,0,46000000
Rising Pune Supergiant,MK Tiwary,2017,15,13,3,324,2,32.4,236,137.28,0,2,1,31,11,0,0,0,0,0,0,0,0,0,0,6,0,10000000
Kings XI Punjab,MK Tiwary,2018,5,4,1,47,2,15.66,44,106.81,0,0,0,4,1,1,1,0,10,0,0,10,0,0,0,4,0,10000000
Royal Challengers Bangalore,MM Ali,2018,5,4,0,77,2,19.25,46,167.39,0,1,0,4,6,5,13.1,0,97,3,32.33,7.36,26.3,0,0,2,0,17000000
Royal Challengers Bangalore,MM Ali,2019,11,10,2,220,2,27.5,133,165.41,0,2,0,16,17,9,25,0,169,6,28.16,6.76,25,0,0,1,0,50000000
Gujarat Lions,MM Patel,2017,2,1,0,0,2,0,1,0,0,0,1,0,0,2,7,0,57,1,57,8.14,42,0,0,0,0,3000000
Kings XI Punjab,MM Sharma,2016,14,6,2,32,2,8,26,123.07,0,0,0,3,1,14,48.3,0,407,13,31.3,8.39,22.3,0,0,3,0,65000000
Kings XI Punjab,MM Sharma,2017,14,7,1,51,2,8.5,50,102,0,0,0,3,1,14,45.4,0,410,13,31.53,8.97,21,0,0,3,0,24000000
Kings XI Punjab,MM Sharma,2018,9,4,3,10,2,10,13,76.92,0,0,0,1,0,9,29.4,0,322,7,46,10.85,25.4,0,0,2,0,50000000
Chennai Super Kings,MM Sharma,2019,1,1,1,0,2,0,2,0,0,0,0,0,0,1,3,0,27,1,27,9,18,0,0,0,0,5000000
Delhi Daredevils,MN Samuels,2017,5,4,0,29,2,7.25,31,93.54,0,0,1,1,2,2,3,0,34,0,0,11.33,0,0,0,1,0,10000000
Sunrisers Hyderabad,Mohammad Nabi,2017,3,1,0,2,2,2,3,66.66,0,0,0,0,0,3,11,0,58,2,29,5.27,33,0,0,0,0,3000000
Sunrisers Hyderabad,Mohammad Nabi,2018,2,2,0,18,2,9,12,150,0,0,0,3,0,2,5,0,47,1,47,9.4,30,0,0,0,0,10000000
Sunrisers Hyderabad,Mohammad Nabi,2019,8,7,1,115,2,19.16,76,151.31,0,0,0,8,7,8,29.1,0,194,8,24.25,6.65,21.8,1,0,6,0,10000000
Delhi Daredevils,Mohammed Shami,2016,8,2,2,2,2,0,4,50,0,0,0,0,0,8,25.1,0,244,5,48.8,9.69,30.2,0,0,1,0,40000000
Delhi Daredevils,Mohammed Shami,2017,8,6,2,36,2,9,24,150,0,0,0,4,2,8,26,0,243,5,48.6,9.34,31.2,0,0,0,0,30000000
Delhi Daredevils,Mohammed Shami,2018,4,1,0,7,2,7,6,116.66,0,0,0,1,0,4,13.5,0,144,3,48,10.4,27.6,0,0,2,0,30000000
Kings XI Punjab,Mohammed Shami,2019,14,2,1,1,2,1,2,50,0,0,1,0,0,14,54,0,469,19,24.68,8.68,17,0,0,5,0,48000000
Sunrisers Hyderabad,Mohammed Siraj,2017,6,0,0,0,2,0,0,0,0,0,0,0,0,6,23,0,212,10,21.2,9.21,13.8,1,0,1,0,26000000
Royal Challengers Bangalore,Mohammed Siraj,2018,11,4,2,25,2,12.5,22,113.63,0,0,0,2,1,11,41,0,367,11,33.36,8.95,22.3,0,0,5,0,26000000
Royal Challengers Bangalore,Mohammed Siraj,2019,9,4,3,4,2,4,14,28.57,0,0,0,0,0,9,28.1,1,269,7,38.42,9.55,24.1,0,0,2,0,26000000
Kings XI Punjab,MP Stoinis,2016,7,5,1,146,2,36.5,108,135.18,0,1,1,13,4,7,23,0,194,8,24.25,8.43,17.2,1,0,0,0,5500000
Kings XI Punjab,MP Stoinis,2017,5,3,0,17,2,5.66,24,70.83,0,0,0,1,0,5,10.3,0,110,2,55,10.47,31.5,0,0,3,0,20000000
Kings XI Punjab,MP Stoinis,2018,7,7,3,99,2,24.75,76,130.26,0,0,0,6,4,6,11,0,120,3,40,10.9,22,0,0,2,0,62000000
Royal Challengers Bangalore,MP Stoinis,2019,10,10,6,211,2,52.75,156,135.25,0,0,2,14,10,6,16.4,0,145,2,72.5,8.7,50,0,0,2,0,48000000
Rising Pune Supergiants,MR Marsh,2016,3,1,0,7,2,7,11,63.63,0,0,0,0,0,3,9,0,45,4,11.25,5,13.5,0,0,0,0,48000000
Rising Pune Supergiants,MS Dhoni,2016,14,12,5,284,2,40.57,210,135.23,0,1,0,18,14,0,0,0,0,0,0,0,0,0,0,8,4,150000000
Rising Pune Supergiant,MS Dhoni,2017,16,15,4,290,2,26.36,250,116,0,1,0,15,16,0,0,0,0,0,0,0,0,0,0,10,3,150000000
Chennai Super Kings,MS Dhoni,2018,16,15,9,455,2,75.83,302,150.66,0,3,0,24,30,0,0,0,0,0,0,0,0,0,0,11,3,150000000
Chennai Super Kings,MS Dhoni,2019,15,12,7,416,2,83.2,309,134.62,0,3,0,22,23,0,0,0,0,0,0,0,0,0,0,11,5,150000000
Gujarat Lions,MS Gony,2017,1,0,0,0,2,0,0,0,0,0,0,0,0,1,2,0,32,0,0,16,0,0,0,0,0,6000000
Kings XI Punjab,Mujeeb Ur Rahman,2018,11,2,1,10,2,10,7,142.85,0,0,1,2,0,11,41.2,0,289,14,20.64,6.99,17.7,0,0,1,0,10000000
Kings XI Punjab,Mujeeb Ur Rahman,2019,5,3,2,0,2,0,4,0,0,0,1,0,0,5,19,0,191,3,63.66,10.05,38,0,0,1,0,10000000
Sunrisers Hyderabad,Mustafizur Rahman,2016,16,0,0,0,2,0,0,0,0,0,0,0,0,16,61,1,421,17,24.76,6.9,21.5,0,0,2,0,14000000
Sunrisers Hyderabad,Mustafizur Rahman,2017,1,0,0,0,2,0,0,0,0,0,0,0,0,1,2.4,0,34,0,0,12.75,0,0,0,0,0,20000000
Mumbai Indians,Mustafizur Rahman,2018,7,2,1,1,2,1,3,33.33,0,0,0,0,0,7,27.3,0,230,7,32.85,8.36,23.5,0,0,2,0,22000000
Kings XI Punjab,N Pooran,2019,7,6,0,168,2,28,107,157,0,0,0,9,14,0,0,0,0,0,0,0,0,0,0,1,0,42000000
Mumbai Indians,N Rana,2016,4,3,0,104,2,34.66,75,138.66,0,1,0,7,8,1,1,0,3,0,0,3,0,0,0,0,0,20000000
Mumbai Indians,N Rana,2017,13,12,1,333,2,30.27,264,126.13,0,3,0,24,17,0,0,0,0,0,0,0,0,0,0,4,0,20000000
Kolkata Knight Riders,N Rana,2018,15,15,2,304,2,23.38,232,131.03,0,1,0,26,14,5,6.1,0,44,4,11,7.13,9.2,0,0,2,0,34000000
Kolkata Knight Riders,N Rana,2019,14,11,1,344,2,34.4,235,146.38,0,3,1,27,21,6,8,0,72,3,24,9,16,0,0,3,0,34000000
Royal Challengers Bangalore,NA Saini,2019,13,2,1,2,2,2,4,50,0,0,0,0,0,13,48,0,397,11,36.09,8.27,26.1,0,0,3,0,30000000
Gujarat Lions,NB Singh,2017,2,0,0,0,2,0,0,0,0,0,0,0,0,2,4,0,15,1,15,3.75,24,0,0,0,0,5000000
Rising Pune Supergiants,NLTC Perera,2016,12,10,3,150,2,21.42,93,161.29,0,0,0,7,11,11,33.1,0,326,9,36.22,9.82,22.1,0,0,5,0,10000000
Delhi Daredevils,NM CoulterNile,2016,4,2,2,9,2,0,14,64.28,0,0,0,1,0,4,15,0,114,3,38,7.6,30,0,0,0,0,35000000
Kolkata Knight Riders,NM CoulterNile,2017,8,3,0,14,2,4.66,12,116.66,0,0,0,0,2,8,28.2,0,228,15,15.2,8.04,11.3,0,0,2,0,22000000
Kings XI Punjab,NS Naik,2016,2,2,0,23,2,11.5,31,74.19,0,0,0,1,0,0,0,0,0,0,0,0,0,0,0,2,0,3000000
Kolkata Knight Riders,NS Naik,2019,1,1,0,7,2,7,16,43.75,0,0,0,1,0,0,0,0,0,0,0,0,0,0,0,0,0,2000000
Sunrisers Hyderabad,NV Ojha,2016,17,13,3,136,2,13.6,138,98.55,0,0,1,7,5,0,0,0,0,0,0,0,0,0,0,18,0,10000000
Sunrisers Hyderabad,NV Ojha,2017,14,5,1,79,2,19.75,65,121.53,0,0,0,2,3,0,0,0,0,0,0,0,0,0,0,6,0,12000000
Delhi Daredevils,NV Ojha,2018,1,1,0,1,2,1,4,25,0,0,0,0,0,0,0,0,0,0,0,0,0,0,0,0,0,14000000
Rajasthan Royals,O Thomas,2019,4,0,0,0,2,0,0,0,0,0,0,0,0,4,10,0,79,5,15.8,7.9,12,0,0,1,0,11000000
Rajasthan Royals,P Chopra,2018,1,1,0,8,2,8,6,133.33,0,0,0,2,0,0,0,0,0,0,0,0,0,0,0,0,0,2000000
Rajasthan Royals,P Chopra,2019,1,0,0,0,2,0,0,0,0,0,0,0,0,0,0,0,0,0,0,0,0,0,0,0,0,2000000
Gujarat Lions,P Kumar,2016,16,7,3,24,2,6,26,92.3,0,0,1,3,0,16,51.3,2,401,9,44.55,7.78,34.3,0,0,2,0,22000000
Gujarat Lions,P Kumar,2017,6,2,1,8,2,8,9,88.88,0,0,0,0,0,6,16.3,0,151,6,25.16,9.15,16.5,0,0,0,0,35000000
Delhi Daredevils,P Negi,2016,8,6,4,57,2,28.5,59,96.61,0,0,0,2,3,5,9,0,84,1,84,9.33,54,0,0,2,0,85000000
Royal Challengers Bangalore,P Negi,2017,12,10,2,144,2,18,111,129.72,0,0,0,10,7,12,32.1,0,197,16,12.31,6.12,12,0,0,3,0,10000000
Royal Challengers Bangalore,P Negi,2018,2,2,0,3,2,1.5,5,60,0,0,1,0,0,2,4,0,49,1,49,12.25,24,0,0,0,0,10000000
Royal Challengers Bangalore,P Negi,2019,7,4,0,9,2,2.25,12,75,0,0,2,1,0,4,11.1,0,102,3,34,9.13,22.3,0,0,3,0,10000000
Royal Challengers Bangalore,P Ray Barman,2019,1,1,0,19,2,19,24,79.16,0,0,0,2,0,1,4,0,56,0,0,14,0,0,0,0,0,15000000
Kings XI Punjab,P Sahu,2016,5,2,1,19,2,19,13,146.15,0,0,0,1,1,5,17.3,0,146,3,48.66,8.34,35,0,0,0,0,1000000
Kings XI Punjab,P Simran Singh,2019,1,1,0,16,2,16,17,94.11,0,0,0,1,1,0,0,0,0,0,0,0,0,0,0,1,0,48000000
Mumbai Indians,PA Patel,2016,10,10,0,177,2,17.7,152,116.44,0,1,1,23,4,0,0,0,0,0,0,0,0,0,0,9,1,15000000
Mumbai Indians,PA Patel,2017,16,16,0,395,2,24.68,293,134.81,0,2,2,49,8,0,0,0,0,0,0,0,0,0,0,6,2,15000000
Royal Challengers Bangalore,PA Patel,2018,6,6,1,153,2,30.6,109,140.36,0,1,0,20,4,0,0,0,0,0,0,0,0,0,0,3,0,17000000
Royal Challengers Bangalore,PA Patel,2019,14,14,0,373,2,26.64,268,139.17,0,2,1,48,10,0,0,0,0,0,0,0,0,0,0,6,2,17000000
Royal Challengers Bangalore,Parvez Rasool,2016,4,1,0,10,2,10,9,111.11,0,0,0,1,0,4,14,0,129,1,129,9.21,84,0,0,2,0,10000000
Delhi Daredevils,PJ Cummins,2017,12,9,4,77,2,15.4,53,145.28,0,0,0,5,4,12,46.1,0,373,15,24.86,8.07,18.4,0,0,1,0,54000000
Gujarat Lions,PJ Sangwan,2016,2,0,0,0,2,0,0,0,0,0,0,0,0,2,4,0,49,0,0,12.25,0,0,0,1,0,2000000
Gujarat Lions,PJ Sangwan,2017,5,3,1,2,2,1,4,50,0,0,1,0,0,5,18,0,181,5,36.2,10.05,21.6,0,0,0,0,5000000
Mumbai Indians,PJ Sangwan,2018,1,1,0,0,2,0,4,0,0,0,1,0,0,1,2,0,19,0,0,9.5,0,0,0,0,0,12000000
Kolkata Knight Riders,PP Chawla,2016,12,3,0,27,2,9,26,103.84,0,0,0,4,0,11,35.2,0,273,11,24.81,7.72,19.2,0,0,3,0,42000000
Kolkata Knight Riders,PP Chawla,2017,6,1,0,2,2,2,6,33.33,0,0,0,0,0,6,20,0,179,6,29.83,8.95,20,0,0,1,0,42000000
Kolkata Knight Riders,PP Chawla,2018,15,7,3,27,2,6.75,34,79.41,0,0,1,1,1,15,49,0,412,14,29.42,8.4,21,0,0,4,0,42000000
Kolkata Knight Riders,PP Chawla,2019,13,5,2,42,2,14,37,113.51,0,0,0,4,2,13,44.3,0,399,10,39.9,8.96,26.7,0,0,5,0,45000000
Delhi Daredevils,PP Shaw,2018,9,9,0,245,2,27.22,160,153.12,0,2,0,27,10,0,0,0,0,0,0,0,0,0,0,4,0,12000000
Delhi Capitals,PP Shaw,2019,16,16,0,353,2,22.06,264,133.71,0,2,1,45,9,0,0,0,0,0,0,0,0,0,0,2,0,19000000
Rising Pune Supergiants,PSP Handscomb,2016,2,1,0,6,2,6,12,50,0,0,0,0,0,0,0,0,0,0,0,0,0,0,0,0,0,3000000
Gujarat Lions,PV Tambe,2016,7,1,1,7,2,0,19,36.84,0,0,0,1,0,7,16,0,143,5,28.6,8.93,19.2,0,0,1,0,2000000
Delhi Daredevils,Q de Kock,2016,13,13,1,445,2,37.08,327,136.08,1,3,0,52,13,0,0,0,0,0,0,0,0,0,0,2,2,28000000
Royal Challengers Bangalore,Q de Kock,2018,8,8,0,201,2,25.12,162,124.07,0,1,0,20,8,0,0,0,0,0,0,0,0,0,0,7,3,28000000
Mumbai Indians,Q de Kock,2019,16,16,1,529,2,35.26,398,132.91,0,4,1,45,25,0,0,0,0,0,0,0,0,0,0,17,2,40000000
Rising Pune Supergiants,R Ashwin,2016,14,6,4,41,2,20.5,38,107.89,0,0,1,3,1,14,44,0,319,10,31.9,7.25,26.4,1,0,3,0,40000000
Kings XI Punjab,R Ashwin,2018,14,9,1,102,2,12.75,71,143.66,0,0,3,7,5,14,50.4,0,410,10,41,8.09,30.4,0,0,5,0,40000000
Kings XI Punjab,R Ashwin,2019,14,6,1,42,2,8.4,28,150,0,0,2,3,3,14,55,0,400,15,26.66,7.27,22,0,0,4,0,50000000
Rising Pune Supergiants,R Bhatia,2016,10,6,5,34,2,34,20,170,0,0,0,1,2,10,34,1,244,6,40.66,7.17,34,0,0,2,0,6000000
Rising Pune Supergiant,R Bhatia,2017,3,2,1,16,2,16,17,94.11,0,0,0,0,1,3,7,0,55,2,27.5,7.85,21,0,0,2,0,7000000
Kings XI Punjab,R Dhawan,2016,2,2,2,14,2,0,6,233.33,0,0,0,0,1,2,7,0,56,2,28,8,21,0,0,0,0,5500000
Rajasthan Royals,R Parag,2019,7,5,0,160,2,32,126,126.98,0,1,0,17,5,7,14,0,121,2,60.5,8.64,42,0,0,5,0,2000000
Kolkata Knight Riders,R Sathish,2016,4,3,0,24,2,8,24,100,0,0,0,1,1,3,6,0,59,1,59,9.83,36,0,0,0,0,2000000
Kings XI Punjab,R Tewatia,2017,3,2,1,19,2,19,11,172.72,0,0,0,4,0,3,9,0,49,3,16.33,5.44,18,0,0,0,0,2500000
Delhi Daredevils,R Tewatia,2018,8,5,2,50,2,16.66,43,116.27,0,0,0,5,1,8,22,0,173,6,28.83,7.86,22,0,0,2,0,30000000
Delhi Capitals,R Tewatia,2019,5,4,3,26,2,26,22,118.18,0,0,0,2,1,3,6.2,0,42,2,21,6.63,19,0,0,6,0,50000000
Mumbai Indians,R Vinay Kumar,2016,3,2,1,13,2,13,12,108.33,0,0,0,0,1,3,9,1,64,3,21.33,7.11,18,0,0,0,0,20000000
Mumbai Indians,R Vinay Kumar,2017,1,0,0,0,2,0,0,0,0,0,0,0,0,1,3,0,31,2,15.5,10.33,9,0,0,0,0,10000000
Kolkata Knight Riders,R Vinay Kumar,2018,2,1,1,6,2,0,3,200,0,0,0,1,0,2,3.5,0,65,2,32.5,16.95,11.5,0,0,2,0,10000000
Gujarat Lions,RA Jadeja,2016,15,15,6,191,2,21.22,177,107.9,0,0,1,14,4,14,40.1,0,311,8,38.87,7.74,30.1,0,0,4,0,90000000
Gujarat Lions,RA Jadeja,2017,12,10,6,158,2,39.5,113,139.82,0,0,0,13,4,12,38,0,349,5,69.8,9.18,45.6,0,0,2,0,90000000
Chennai Super Kings,RA Jadeja,2018,16,10,5,89,2,17.8,74,120.27,0,0,0,3,4,14,41,0,303,11,27.54,7.39,22.3,0,0,11,0,110000000
Chennai Super Kings,RA Jadeja,2019,16,9,6,106,2,35.33,88,120.45,0,0,0,7,4,16,54,1,343,15,22.86,6.35,21.6,0,0,9,0,120000000
Rising Pune Supergiant,RA Tripathi,2017,14,14,0,391,2,27.92,267,146.44,0,2,1,43,17,1,1,0,12,0,0,12,0,0,0,5,0,1000000
Rajasthan Royals,RA Tripathi,2018,12,12,3,226,2,25.11,167,135.32,0,1,0,18,8,0,0,0,0,0,0,0,0,0,0,4,0,5000000
Rajasthan Royals,RA Tripathi,2019,8,7,1,141,2,23.5,118,119.49,0,1,0,13,2,0,0,0,0,0,0,0,0,0,0,3,0,10000000
Sunrisers Hyderabad,Rashid Khan,2017,14,3,1,11,2,5.5,9,122.22,0,0,0,0,1,14,54,0,358,17,21.05,6.62,19,0,0,5,0,40000000
Sunrisers Hyderabad,Rashid Khan,2018,17,7,2,59,2,11.8,31,190.32,0,0,2,3,6,17,68,2,458,21,21.8,6.73,19.4,0,0,6,0,90000000
Sunrisers Hyderabad,Rashid Khan,2019,15,8,3,34,2,6.8,23,147.82,0,0,3,2,2,15,60,1,377,17,22.17,6.28,21.1,0,0,4,0,90000000
Mumbai Indians,Rasikh Salam,2019,1,1,1,5,2,0,4,125,0,0,0,0,0,1,4,0,42,0,0,10.5,0,0,0,1,0,2000000
Rising Pune Supergiant,RD Chahar,2017,3,1,1,3,2,0,2,150,0,0,0,0,0,2,7,0,58,2,29,8.28,21,0,0,1,0,19000000
Mumbai Indians,RD Chahar,2019,13,4,2,12,2,6,11,109.09,0,0,1,2,0,13,47,0,308,13,23.69,6.55,21.6,0,0,3,0,40000000
Mumbai Indians,RG Sharma,2016,14,14,3,489,2,44.45,368,132.88,0,5,1,49,16,0,0,0,0,0,0,0,0,0,0,2,0,150000000
Mumbai Indians,RG Sharma,2017,17,16,2,333,2,23.78,273,121.97,0,3,1,31,9,0,0,0,0,0,0,0,0,0,0,10,0,150000000
Mumbai Indians,RG Sharma,2018,14,14,2,286,2,23.83,215,133.02,0,2,3,25,12,0,0,0,0,0,0,0,0,0,0,8,0,150000000
Mumbai Indians,RG Sharma,2019,15,15,1,405,2,28.92,315,128.57,0,2,0,52,10,0,0,0,0,0,0,0,0,0,0,4,0,150000000
Sunrisers Hyderabad,RK Bhui,2018,1,1,0,0,2,0,5,0,0,0,1,0,0,0,0,0,0,0,0,0,0,0,0,0,0,2000000
Sunrisers Hyderabad,RK Bhui,2019,1,1,0,7,2,7,12,58.33,0,0,0,0,0,0,0,0,0,0,0,0,0,0,0,0,0,2000000
Kolkata Knight Riders,RK Singh,2018,4,4,0,29,2,7.25,31,93.54,0,0,0,4,0,0,0,0,0,0,0,0,0,0,0,4,0,8000000
Kolkata Knight Riders,RK Singh,2019,5,3,1,37,2,18.5,34,108.82,0,0,0,1,2,0,0,0,0,0,0,0,0,0,0,1,0,5500000
Rising Pune Supergiants,RP Singh,2016,4,0,0,0,2,0,0,0,0,0,0,0,0,4,12,0,111,3,37,9.25,24,0,0,0,0,3000000
Delhi Daredevils,RR Pant,2016,10,10,2,198,2,24.75,152,130.26,0,1,0,19,6,0,0,0,0,0,0,0,0,0,0,3,0,19000000
Delhi Daredevils,RR Pant,2017,14,14,0,366,2,26.14,221,165.61,0,2,3,28,24,0,0,0,0,0,0,0,0,0,0,8,3,50000000
Delhi Daredevils,RR Pant,2018,14,14,1,684,2,52.61,394,173.6,1,5,1,68,37,0,0,0,0,0,0,0,0,0,0,4,2,90000000
Delhi Capitals,RR Pant,2019,16,16,3,488,2,37.53,300,162.66,0,3,0,37,27,0,0,0,0,0,0,0,0,0,0,18,6,90000000
Kolkata Knight Riders,RV Uthappa,2016,15,15,0,394,2,26.26,289,136.33,0,3,1,45,8,0,0,0,0,0,0,0,0,0,0,10,4,50000000
Kolkata Knight Riders,RV Uthappa,2017,14,13,0,388,2,29.84,235,165.1,0,5,1,36,21,0,0,0,0,0,0,0,0,0,0,9,6,50000000
Kolkata Knight Riders,RV Uthappa,2018,16,16,0,351,2,21.93,265,132.45,0,1,0,30,21,0,0,0,0,0,0,0,0,0,0,5,0,64000000
Kolkata Knight Riders,RV Uthappa,2019,12,11,2,282,2,31.33,245,115.1,0,1,1,28,10,0,0,0,0,0,0,0,0,0,0,4,0,30000000
Royal Challengers Bangalore,S Aravind,2016,9,0,0,0,2,0,0,0,0,0,0,0,0,9,29.1,0,216,11,19.63,7.4,15.9,0,0,3,0,5000000
Royal Challengers Bangalore,S Aravind,2017,10,8,4,32,2,8,40,80,0,0,2,2,0,10,30.3,0,275,5,55,9.01,36.6,0,0,1,0,5000000
Royal Challengers Bangalore,S Badree,2017,7,5,0,13,2,2.6,23,56.52,0,0,2,0,0,7,25,1,188,9,20.88,7.52,16.6,1,0,2,0,5000000
Sunrisers Hyderabad,S Dhawan,2016,17,17,4,501,2,38.53,429,116.78,0,4,1,51,8,0,0,0,0,0,0,0,0,0,0,5,0,50000000
Sunrisers Hyderabad,S Dhawan,2017,14,14,1,479,2,36.84,376,127.39,0,3,0,53,9,0,0,0,0,0,0,0,0,0,0,7,0,50000000
Sunrisers Hyderabad,S Dhawan,2018,16,16,3,497,2,38.23,363,136.91,0,4,1,59,14,0,0,0,0,0,0,0,0,0,0,12,0,52000000
Delhi Capitals,S Dhawan,2019,16,16,1,521,2,34.73,384,135.67,0,5,1,64,11,0,0,0,0,0,0,0,0,0,0,5,0,60000000
Royal Challengers Bangalore,S Dube,2019,4,4,1,40,2,13.33,33,121.21,0,0,0,1,3,2,1.4,0,8,0,0,4.8,0,0,0,1,0,50000000
Mumbai Indians,S Gopal,2016,1,1,0,2,2,2,16,12.5,0,0,0,0,0,1,3,0,18,0,0,6,0,0,0,0,0,2000000
Rajasthan Royals,S Gopal,2018,11,4,1,50,2,16.66,45,111.11,0,0,1,5,0,10,31,0,236,11,21.45,7.61,16.9,1,0,3,0,2000000
Rajasthan Royals,S Gopal,2019,14,7,3,63,2,15.75,46,136.95,0,0,2,8,1,14,48,1,347,20,17.35,7.22,14.4,0,0,5,0,5000000
Sunrisers Hyderabad,S Kaul,2017,10,1,1,0,2,0,2,0,0,0,0,0,0,10,35.4,0,300,16,18.75,8.41,13.3,1,0,3,0,20000000
Sunrisers Hyderabad,S Kaul,2018,17,4,1,3,2,1,14,21.42,0,0,1,0,0,17,66,0,547,21,26.04,8.28,18.8,0,0,2,0,38000000
Sunrisers Hyderabad,S Kaul,2019,7,2,1,0,2,0,1,0,0,0,1,0,0,7,27,0,242,6,40.33,8.96,27,0,0,1,0,38000000
Gujarat Lions,S Kaushik,2016,7,2,1,0,2,0,1,0,0,0,1,0,0,7,23,0,192,6,32,8.34,23,0,0,0,0,1000000
Gujarat Lions,S Kaushik,2017,3,0,0,0,2,0,0,0,0,0,0,0,0,3,11,0,105,0,0,9.54,0,0,0,0,0,2000000
Gujarat Lions,S Ladda,2016,1,0,0,0,2,0,0,0,0,0,0,0,0,1,2,0,21,0,0,10.5,0,0,0,0,0,1000000
Delhi Daredevils,S Lamichhane,2018,3,0,0,0,2,0,0,0,0,0,0,0,0,3,12,0,82,5,16.4,6.83,14.4,0,0,0,0,2000000
Delhi Capitals,S Lamichhane,2019,6,1,0,0,2,0,1,0,0,0,1,0,0,6,23,0,210,8,26.25,9.13,17.2,0,0,2,0,2500000
Rajasthan Royals,S Midhun,2019,1,0,0,0,2,0,0,0,0,0,0,0,0,1,2,0,27,0,0,13.5,0,0,0,1,0,2500000
Delhi Daredevils,S Nadeem,2016,4,1,1,1,2,0,5,20,0,0,0,0,0,4,15,0,127,2,63.5,8.46,45,0,0,0,0,10000000
Delhi Daredevils,S Nadeem,2017,7,4,1,2,2,0.66,9,22.22,0,0,2,0,0,7,17.5,0,119,6,19.83,6.67,17.8,0,0,2,0,10000000
Delhi Daredevils,S Nadeem,2018,6,1,1,6,2,0,8,75,0,0,0,0,0,6,15,0,161,3,53.66,10.73,30,0,0,1,0,32000000
Sunrisers Hyderabad,S Nadeem,2019,3,0,0,0,2,0,0,0,0,0,0,0,0,3,9,0,90,2,45,10,27,0,0,0,0,10000000
Kolkata Knight Riders,S Sandeep Warrier,2019,3,0,0,0,2,0,0,0,0,0,0,0,0,3,12,0,85,2,42.5,7.08,36,0,0,1,0,4000000
Kolkata Knight Riders,SA Yadav,2016,15,11,4,182,2,26,143,127.27,0,1,0,18,5,0,0,0,0,0,0,0,0,0,0,6,0,2000000
Kolkata Knight Riders,SA Yadav,2017,10,7,1,105,2,17.5,88,119.31,0,0,0,8,3,0,0,0,0,0,0,0,0,0,0,5,0,2000000
Mumbai Indians,SA Yadav,2018,14,14,0,512,2,36.57,384,133.33,0,4,1,61,16,0,0,0,0,0,0,0,0,0,0,8,0,2000000
Mumbai Indians,SA Yadav,2019,16,15,2,424,2,32.61,324,130.86,0,2,0,45,10,0,0,0,0,0,0,0,0,0,0,9,0,2000000
Royal Challengers Bangalore,Sachin Baby,2016,11,6,2,119,2,29.75,79,150.63,0,0,1,9,5,2,1.4,0,8,2,4,4.8,5,0,0,1,0,1000000
Royal Challengers Bangalore,Sachin Baby,2017,3,3,0,15,2,5,15,100,0,0,0,2,0,0,0,0,0,0,0,0,0,0,0,2,0,2000000
Kings XI Punjab,Sandeep Sharma,2016,14,4,4,8,2,0,9,88.88,0,0,0,0,0,14,50,1,366,15,24.4,7.32,20,0,0,2,0,2000000
Kings XI Punjab,Sandeep Sharma,2017,13,4,4,7,2,0,6,116.66,0,0,0,0,0,13,48,0,398,17,23.41,8.29,16.9,1,0,3,0,15000000
Sunrisers Hyderabad,Sandeep Sharma,2018,12,3,1,0,2,0,4,0,0,0,2,0,0,12,44,0,333,12,27.75,7.56,22,0,0,2,0,30000000
Sunrisers Hyderabad,Sandeep Sharma,2019,11,2,2,6,2,0,3,200,0,0,0,1,0,11,42.4,0,352,12,29.33,8.25,21.3,0,0,1,0,10000000
Gujarat Lions,SB Jakati,2016,6,1,1,1,2,0,2,50,0,0,0,0,0,6,20,0,178,2,89,8.9,60,0,0,4,0,2000000
Gujarat Lions,SB Jakati,2017,2,0,0,0,2,0,0,0,0,0,0,0,0,2,5,0,52,0,0,10.4,0,0,0,0,0,2000000
Chennai Super Kings,SC Kuggeleijn,2019,2,0,0,0,2,0,0,0,0,0,0,0,0,2,8,0,71,2,35.5,8.87,24,0,0,0,0,5000000
Mumbai Indians,SD Lad,2019,1,1,0,15,2,15,13,115.38,0,0,0,1,1,0,0,0,0,0,0,0,0,0,0,0,0,2000000
Kings XI Punjab,SE Marsh,2016,6,6,1,159,2,31.8,134,118.65,0,1,0,13,4,0,0,0,0,0,0,0,0,0,0,1,0,48000000
Kings XI Punjab,SE Marsh,2017,9,8,0,264,2,33,194,136.08,0,2,0,36,5,0,0,0,0,0,0,0,0,0,0,2,0,40000000
Delhi Capitals,SE Rutherford,2019,7,7,2,73,2,14.6,54,135.18,0,0,0,2,7,6,6.5,0,59,1,59,8.63,41,0,0,5,0,20000000
Kolkata Knight Riders,Shakib Al Hasan,2016,10,7,2,114,2,22.8,106,107.54,0,1,0,7,5,9,31,0,243,5,48.6,7.83,37.2,0,0,4,0,20000000
Kolkata Knight Riders,Shakib Al Hasan,2017,1,1,1,1,2,0,1,100,0,0,0,0,0,1,3,0,31,0,0,10.33,0,0,0,0,0,20000000
Sunrisers Hyderabad,Shakib Al Hasan,2018,17,13,2,239,2,21.72,197,121.31,0,0,0,26,5,17,57,0,456,14,32.57,8,24.4,0,0,3,0,20000000
Sunrisers Hyderabad,Shakib Al Hasan,2019,3,1,0,9,2,9,10,90,0,0,0,0,0,3,10.5,0,95,2,47.5,8.76,32.5,0,0,0,0,32000000
Kolkata Knight Riders,Shivam Mavi,2018,9,4,1,13,2,4.33,15,86.66,0,0,1,1,0,9,28,0,270,5,54,9.64,33.6,0,0,3,0,30000000
Kolkata Knight Riders,Shubman Gill,2018,13,11,5,203,2,33.83,139,146.04,0,1,0,22,5,0,0,0,0,0,0,0,0,0,0,3,0,18000000
Kolkata Knight Riders,Shubman Gill,2019,14,13,4,296,2,32.88,238,124.36,0,3,0,21,10,0,0,0,0,0,0,0,0,0,0,7,0,25000000
Gujarat Lions,SK Raina,2016,15,15,1,399,2,28.5,312,127.88,0,3,0,39,10,4,10,0,82,0,0,8.2,0,0,0,7,0,120000000
Gujarat Lions,SK Raina,2017,14,14,3,442,2,40.18,307,143.97,0,3,0,42,13,6,12,0,102,1,102,8.5,72,0,0,4,0,120000000
Chennai Super Kings,SK Raina,2018,15,15,3,445,2,37.08,336,132.44,0,4,0,46,12,0,0,0,0,0,0,0,0,0,0,9,0,120000000
Chennai Super Kings,SK Raina,2019,17,17,1,383,2,23.93,314,121.97,0,3,1,45,9,1,1,0,6,0,0,6,0,0,0,7,0,120000000
Mumbai Indians,SL Malinga,2017,12,2,2,7,2,0,3,233.33,0,0,0,0,1,12,44.5,0,382,11,34.72,8.52,24.4,0,0,1,0,20000000
Mumbai Indians,SL Malinga,2019,12,0,0,0,2,0,0,0,0,0,0,0,0,12,44.5,0,438,16,27.37,9.76,16.8,2,0,1,0,20000000
Rising Pune Supergiants,SM Boland,2016,2,0,0,0,2,0,0,0,0,0,0,0,0,2,7,0,54,2,27,7.71,21,0,0,0,0,5000000
Kings XI Punjab,SM Curran,2019,9,8,4,95,2,23.75,55,172.72,0,1,1,13,3,9,33,0,323,10,32.3,9.78,19.8,1,0,2,0,72000000
Royal Challengers Bangalore,SN Khan,2016,5,4,2,66,2,33,31,212.9,0,0,0,7,4,0,0,0,0,0,0,0,0,0,0,0,0,5000000
Royal Challengers Bangalore,SN Khan,2018,7,6,1,51,2,10.2,41,124.39,0,0,1,7,1,0,0,0,0,0,0,0,0,0,0,2,0,5000000
Kings XI Punjab,SN Khan,2019,8,5,1,180,2,45,143,125.87,0,1,0,19,4,1,0.2,0,6,0,0,18,0,0,0,0,0,5000000
Rising Pune Supergiant,SN Thakur,2017,12,3,0,0,2,0,3,0,0,0,3,0,0,12,38.1,0,315,11,28.63,8.25,20.8,0,0,4,0,20000000
Chennai Super Kings,SN Thakur,2018,13,1,1,15,2,0,5,300,0,0,0,3,0,13,46.4,1,431,16,26.93,9.23,17.5,0,0,4,0,26000000
Chennai Super Kings,SN Thakur,2019,10,3,1,14,2,7,7,200,0,0,1,1,1,9,30,0,281,8,35.12,9.36,22.5,0,0,5,0,26000000
Royal Challengers Bangalore,SO Hetmyer,2019,5,5,0,90,2,18,73,123.28,0,1,1,4,7,0,0,0,0,0,0,0,0,0,0,3,0,42000000
Sunrisers Hyderabad,SP Goswami,2018,6,3,0,52,2,17.33,40,130,0,0,0,6,1,0,0,0,0,0,0,0,0,0,0,5,0,10000000
Kolkata Knight Riders,SP Jackson,2017,4,3,1,38,2,19,31,122.58,0,0,0,5,0,0,0,0,0,0,0,0,0,0,0,2,0,2000000
Kolkata Knight Riders,SP Narine,2016,11,4,3,7,2,7,13,53.84,0,0,0,0,0,11,42.4,0,304,11,27.63,7.12,23.2,0,0,2,0,90000000
Kolkata Knight Riders,SP Narine,2017,16,14,1,224,2,17.23,130,172.3,0,1,2,34,10,15,59,0,412,10,41.2,6.98,35.4,0,0,4,0,90000000
Kolkata Knight Riders,SP Narine,2018,16,16,0,357,2,22.31,188,189.89,0,2,0,40,23,16,61,0,467,17,27.47,7.65,21.5,0,0,1,0,90000000
Kolkata Knight Riders,SP Narine,2019,12,9,1,143,2,17.87,86,166.27,0,0,0,17,9,12,44.2,1,347,10,34.7,7.82,26.6,0,0,0,0,90000000
Rising Pune Supergiants,SPD Smith,2016,8,7,1,270,2,45,176,153.4,1,0,0,27,8,0,0,0,0,0,0,0,0,0,0,2,0,40000000
Rising Pune Supergiant,SPD Smith,2017,15,15,3,472,2,39.33,387,121.96,0,3,0,38,12,0,0,0,0,0,0,0,0,0,0,7,0,40000000
Rajasthan Royals,SPD Smith,2019,12,10,2,319,2,39.87,275,116,0,3,0,30,4,0,0,0,0,0,0,0,0,0,0,3,0,30000000
Royal Challengers Bangalore,SR Watson,2016,16,15,2,179,2,13.76,134,133.58,0,0,1,14,12,16,56.3,0,485,20,24.25,8.58,16.9,1,0,6,0,95000000
Royal Challengers Bangalore,SR Watson,2017,8,7,1,71,2,11.83,78,91.02,0,0,0,6,1,8,26.5,0,245,5,49,9.13,32.2,0,0,2,0,60000000
Chennai Super Kings,SR Watson,2018,15,15,1,555,2,39.64,359,154.59,2,2,1,44,35,11,28,0,251,6,41.83,8.96,28,0,0,3,0,40000000
Chennai Super Kings,SR Watson,2019,17,17,0,398,2,23.41,312,127.56,0,3,3,42,20,0,0,0,0,0,0,0,0,0,0,6,0,40000000
Gujarat Lions,SS Agarwal,2017,1,0,0,0,2,0,0,0,0,0,0,0,0,1,4,0,42,1,42,10.5,24,0,0,1,0,5000000
Delhi Daredevils,SS Iyer,2016,6,6,0,30,2,5,43,69.76,0,0,3,2,1,0,0,0,0,0,0,0,0,0,0,4,0,20000000
Delhi Daredevils,SS Iyer,2017,12,12,2,338,2,33.8,243,139.09,0,2,0,36,10,0,0,0,0,0,0,0,0,0,0,3,0,40000000
Delhi Daredevils,SS Iyer,2018,14,14,3,411,2,37.36,310,132.58,0,4,0,29,21,0,0,0,0,0,0,0,0,0,0,5,0,60000000
Delhi Capitals,SS Iyer,2019,16,16,1,463,2,30.86,386,119.94,0,3,0,41,14,0,0,0,0,0,0,0,0,0,0,8,0,80000000
Rising Pune Supergiants,SS Tiwary,2016,10,8,1,170,2,24.28,141,120.56,0,2,0,17,4,0,0,0,0,0,0,0,0,0,0,4,0,3000000
Mumbai Indians,SS Tiwary,2017,1,1,0,52,2,52,43,120.93,0,1,0,9,0,0,0,0,0,0,0,0,0,0,0,0,0,8000000
Royal Challengers Bangalore,STR Binny,2016,14,6,2,63,2,15.75,39,161.53,0,0,0,5,4,11,17,0,134,1,134,7.88,102,0,0,3,0,20000000
Royal Challengers Bangalore,STR Binny,2017,8,7,2,78,2,15.6,76,102.63,0,0,0,6,3,4,6,0,50,4,12.5,8.33,9,0,0,1,0,20000000
Rajasthan Royals,STR Binny,2018,7,5,0,44,2,8.8,39,112.82,0,0,1,2,2,1,2,0,33,0,0,16.5,0,0,0,1,0,5000000
Rajasthan Royals,STR Binny,2019,8,5,2,70,2,23.33,40,175,0,0,1,5,4,5,7,0,44,1,44,6.28,42,0,0,0,0,5000000
Delhi Daredevils,SV Samson,2016,14,14,3,291,2,26.45,259,112.35,0,1,0,20,8,0,0,0,0,0,0,0,0,0,0,3,1,42000000
Delhi Daredevils,SV Samson,2017,14,14,0,386,2,27.57,273,141.39,1,2,2,32,19,0,0,0,0,0,0,0,0,0,0,4,0,42000000
Rajasthan Royals,SV Samson,2018,15,15,1,441,2,31.5,320,137.81,0,3,1,30,19,0,0,0,0,0,0,0,0,0,0,5,0,80000000
Rajasthan Royals,SV Samson,2019,12,12,2,342,2,34.2,230,148.69,1,0,1,28,13,0,0,0,0,0,0,0,0,0,0,4,1,80000000
Delhi Daredevils,SW Billings,2016,5,4,0,88,2,22,64,137.5,0,1,0,4,4,0,0,0,0,0,0,0,0,0,0,3,0,3000000
Delhi Daredevils,SW Billings,2017,6,6,0,138,2,23,104,132.69,0,1,1,19,1,0,0,0,0,0,0,0,0,0,0,4,0,10000000
Chennai Super Kings,SW Billings,2018,10,8,0,108,2,13.5,78,138.46,0,1,1,8,5,0,0,0,0,0,0,0,0,0,0,5,0,10000000
Chennai Super Kings,SW Billings,2019,1,1,0,0,2,0,4,0,0,0,1,0,0,0,0,0,0,0,0,0,0,0,0,1,0,20000000
Kings XI Punjab,Swapnil Singh,2016,1,1,0,0,2,0,1,0,0,0,1,0,0,1,3,0,29,0,0,9.66,0,0,0,0,0,1000000
Kings XI Punjab,Swapnil Singh,2017,4,2,0,12,2,6,19,63.15,0,0,0,0,0,4,7,0,61,1,61,8.71,42,0,0,1,0,1000000
Kings XI Punjab,T Natarajan,2017,6,0,0,0,2,0,0,0,0,0,0,0,0,6,12.4,0,115,2,57.5,9.07,38,0,0,0,0,30000000
Royal Challengers Bangalore,T Shamsi,2016,4,0,0,0,2,0,0,0,0,0,0,0,0,4,16,0,147,3,49,9.18,32,0,0,1,0,5000000
Sunrisers Hyderabad,TA Boult,2016,1,0,0,0,2,0,0,0,0,0,0,0,0,1,4,0,39,1,39,9.75,24,0,0,1,0,50000000
Kolkata Knight Riders,TA Boult,2017,6,1,1,5,2,0,8,62.5,0,0,0,0,0,6,23.5,0,216,5,43.2,9.06,28.6,0,0,0,0,22000000
Delhi Daredevils,TA Boult,2018,14,1,0,0,2,0,2,0,0,0,1,0,0,14,52.4,1,466,18,25.88,8.84,17.5,0,0,9,0,50000000
Delhi Capitals,TA Boult,2019,5,3,2,7,2,7,4,175,0,0,0,0,1,5,19,0,163,5,32.6,8.57,22.8,0,0,2,0,60000000
Gujarat Lions,Tejas Baroka,2017,1,0,0,0,2,0,0,0,0,0,0,0,0,1,3.3,0,33,0,0,9.42,0,0,0,0,0,2000000
Mumbai Indians,TG Southee,2016,11,4,1,30,2,10,19,157.89,0,0,0,1,2,11,43,0,329,9,36.55,7.65,28.6,0,0,4,0,25000000
Mumbai Indians,TG Southee,2017,3,1,0,7,2,7,3,233.33,0,0,0,0,1,3,10,1,96,3,32,9.6,20,0,0,1,0,10000000
Royal Challengers Bangalore,TG Southee,2018,8,4,2,52,2,26,46,113.04,0,0,0,5,1,8,29,0,261,5,52.2,9,34.8,0,0,3,0,15000000
Royal Challengers Bangalore,TG Southee,2019,3,1,1,9,2,0,9,100,0,0,0,0,0,3,9,0,118,1,118,13.11,54,0,0,3,0,15000000
Kolkata Knight Riders,TK Curran,2018,5,4,1,23,2,7.66,28,82.14,0,0,0,3,0,5,10.1,0,118,6,19.66,11.6,10.1,0,0,1,0,10000000
Royal Challengers Bangalore,TM Head,2016,3,3,1,54,2,27,40,135,0,0,0,3,2,0,0,0,0,0,0,0,0,0,0,0,0,5000000
Royal Challengers Bangalore,TM Head,2017,7,7,2,151,2,30.2,108,139.81,0,1,1,9,6,5,8,0,81,2,40.5,10.12,24,0,0,3,0,8500000
Royal Challengers Bangalore,TS Mills,2017,5,3,0,8,2,2.66,11,72.72,0,0,1,0,1,5,17.5,0,153,5,30.6,8.57,21.4,0,0,1,0,120000000
Mumbai Indians,UBT Chand,2016,1,1,0,0,2,0,4,0,0,0,1,0,0,0,0,0,0,0,0,0,0,0,0,0,0,8500000
Rising Pune Supergiants,UT Khawaja,2016,6,6,0,127,2,21.16,100,127,0,0,0,14,3,0,0,0,0,0,0,0,0,0,0,1,0,20000000
Kolkata Knight Riders,UT Yadav,2016,9,2,1,9,2,9,5,180,0,0,0,0,1,9,26,0,234,10,23.4,9,15.6,0,0,1,0,20000000
Kolkata Knight Riders,UT Yadav,2017,14,4,4,10,2,0,13,76.92,0,0,0,0,0,14,48.3,0,410,17,24.11,8.45,17.1,1,0,4,0,20000000
Royal Challengers Bangalore,UT Yadav,2018,14,5,1,3,2,0.75,11,27.27,0,0,2,0,0,14,53.1,1,418,20,20.9,7.86,15.9,0,0,2,0,42000000
Royal Challengers Bangalore,UT Yadav,2019,11,7,5,25,2,12.5,25,100,0,0,0,3,1,11,37.5,0,371,8,46.37,9.8,28.3,0,0,4,0,20000000
Royal Challengers Bangalore,V Kohli,2016,16,16,4,973,2,81.08,640,152.03,4,7,1,83,38,1,1,0,13,0,0,13,0,0,0,6,0,170000000
Royal Challengers Bangalore,V Kohli,2017,10,10,0,308,2,30.8,252,122.22,0,4,1,23,11,0,0,0,0,0,0,0,0,0,0,5,0,170000000
Royal Challengers Bangalore,V Kohli,2018,14,14,3,530,2,48.18,381,139.1,0,4,0,52,18,0,0,0,0,0,0,0,0,0,0,8,0,170000000
Royal Challengers Bangalore,V Kohli,2019,14,14,0,464,2,33.14,328,141.46,1,2,0,46,13,0,0,0,0,0,0,0,0,0,0,5,0,170000000
Sunrisers Hyderabad,V Shankar,2017,4,4,2,101,2,50.5,75,134.66,0,1,0,12,1,0,0,0,0,0,0,0,0,0,0,1,0,32000000
Delhi Daredevils,V Shankar,2018,13,11,7,212,2,53,148,143.24,0,1,0,11,11,4,5,0,58,1,58,11.6,30,0,0,6,0,20000000
Sunrisers Hyderabad,V Shankar,2019,15,14,2,244,2,20.33,193,126.42,0,0,0,11,12,5,8,0,70,1,70,8.75,48,0,0,10,0,14000000
Royal Challengers Bangalore,Vishnu Vinod,2017,3,3,0,19,2,6.33,26,73.07,0,0,0,1,1,0,0,0,0,0,0,0,0,0,0,0,2,2000000
Royal Challengers Bangalore,VR Aaron,2016,8,1,1,0,2,0,0,0,0,0,0,0,0,8,23.4,0,227,2,113.5,9.59,71,0,0,0,0,28000000
Kings XI Punjab,VR Aaron,2017,6,2,1,4,2,4,10,40,0,0,0,0,0,6,20,0,163,7,23.28,8.15,17.1,0,0,0,0,20000000
Rajasthan Royals,VR Aaron,2019,5,1,1,3,2,0,7,42.85,0,0,0,0,0,5,12,1,116,4,29,9.66,18,0,0,1,0,24000000
Rising Pune Supergiant,Washington Sundar,2017,11,5,4,9,2,9,12,75,0,0,1,0,0,10,30,0,185,8,23.12,6.16,22.5,0,0,5,0,32000000
Royal Challengers Bangalore,Washington Sundar,2018,7,6,3,65,2,21.66,38,171.05,0,0,0,5,4,7,20,0,192,4,48,9.6,30,0,0,0,0,40000000
Royal Challengers Bangalore,Washington Sundar,2019,3,2,0,1,2,0.5,3,33.33,0,0,1,0,0,3,9,0,74,4,18.5,8.22,13.5,0,0,2,0,50000000
Kings XI Punjab,WP Saha,2016,12,12,1,270,2,24.54,212,127.35,0,2,0,29,1,0,0,0,0,0,0,0,0,0,0,7,3,40000000
Kings XI Punjab,WP Saha,2017,14,11,1,234,2,23.4,187,125.13,0,1,1,20,8,0,0,0,0,0,0,0,0,0,0,10,2,50000000
Sunrisers Hyderabad,WP Saha,2018,11,10,2,122,2,15.25,102,119.6,0,0,1,17,1,0,0,0,0,0,0,0,0,0,0,5,1,50000000
Sunrisers Hyderabad,WP Saha,2019,5,5,0,86,2,17.2,53,162.26,0,0,0,13,1,0,0,0,0,0,0,0,0,0,0,3,1,12000000
Kolkata Knight Riders,Y Prithvi Raj,2019,2,1,1,0,2,0,1,0,0,0,0,0,0,2,5,0,57,1,57,11.4,30,0,0,0,0,2000000
Kolkata Knight Riders,YK Pathan,2016,15,13,8,361,2,72.2,248,145.56,0,3,0,33,13,4,6,0,33,1,33,5.5,36,0,0,3,0,30000000
Kolkata Knight Riders,YK Pathan,2017,15,11,3,143,2,17.87,115,124.34,0,1,1,9,6,4,4,0,41,1,41,10.25,24,0,0,2,0,20000000
Sunrisers Hyderabad,YK Pathan,2018,15,13,4,260,2,28.88,200,130,0,0,0,22,11,1,2,0,14,1,14,7,12,0,0,3,0,19000000
Sunrisers Hyderabad,YK Pathan,2019,10,8,5,40,2,13.33,45,88.88,0,0,1,1,1,1,1,0,8,0,0,8,0,0,0,1,0,18000000
Royal Challengers Bangalore,YS Chahal,2016,13,0,0,0,2,0,0,0,0,0,0,0,0,13,49.1,0,401,21,19.09,8.15,14,1,0,4,0,50000000
Royal Challengers Bangalore,YS Chahal,2017,13,6,3,13,2,4.33,26,50,0,0,1,0,0,13,43.3,0,333,14,23.78,7.65,18.6,0,0,3,0,50000000
Royal Challengers Bangalore,YS Chahal,2018,14,1,1,0,2,0,4,0,0,0,0,0,0,14,50,1,363,12,30.25,7.26,25,0,0,2,0,60000000
Royal Challengers Bangalore,YS Chahal,2019,14,3,1,6,2,3,16,37.5,0,0,0,0,0,14,49.2,1,386,18,21.44,7.82,16.4,1,0,3,0,60000000
Sunrisers Hyderabad,Yuvraj Singh,2016,10,10,1,236,2,26.22,179,131.84,0,0,0,22,13,5,6.1,0,52,0,0,8.43,0,0,0,1,0,70000000
Sunrisers Hyderabad,Yuvraj Singh,2017,12,11,2,252,2,28,177,142.37,0,2,1,30,8,2,2,0,22,1,22,11,12,0,0,3,0,50000000
Kings XI Punjab,Yuvraj Singh,2018,8,6,0,65,2,10.83,73,89.04,0,0,0,6,2,2,2,0,23,0,0,11.5,0,0,0,1,0,20000000
Mumbai Indians,Yuvraj Singh,2019,4,4,0,98,2,24.5,75,130.66,0,1,0,7,6,0,0,0,0,0,0,0,0,0,0,0,0,10000000
Delhi Daredevils,Z Khan,2016,12,2,0,6,2,3,13,46.15,0,0,0,1,0,12,43.4,1,337,10,33.7,7.71,26.2,0,0,0,0,40000000
Delhi Daredevils,Z Khan,2017,11,3,2,4,2,4,13,30.76,0,0,0,0,0,11,40.1,0,313,10,31.3,7.79,24.1,0,0,4,0,20000000
